CO_POSICAO;SG_AREA;CO_ITEM;TX_GABARITO;CO_HABILIDADE;IN_ITEM_ABAN;TX_MOTIVO_ABAN;NU_PARAM_A;NU_PARAM_B;NU_PARAM_C;TX_COR;CO_PROVA;TP_LINGUA
1;CH;71933;A;6;0;;2.23777;1.04258;0.29804;Azul;85;
2;CH;71990;B;19;0;;1.35599;1.23358;0.23895;Azul;85;
3;CH;73431;A;17;0;;1.58426;1.26006;0.19016;Azul;85;
4;CH;58249;B;26;0;;1.87124;-0.40493;0.17401;Azul;85;
5;CH;73854;D;27;0;;0.4083;1.46209;0.02447;Azul;85;
6;CH;73858;A;26;0;;1.1977;1.28057;0.14723;Azul;85;
7;CH;71987;C;16;0;;2.485;1.45898;0.18958;Azul;85;
8;CH;73852;B;30;0;;1.30894;1.93513;0.25936;Azul;85;
9;CH;72681;A;9;0;;2.75163;0.48518;0.21916;Azul;85;
10;CH;70789;E;17;0;;2.03677;0.32474;0.22152;Azul;85;
11;CH;71165;B;18;0;;1.95978;-0.28047;0.15433;Azul;85;
12;CH;73636;C;28;0;;1.4497;2.75231;0.08528;Azul;85;
13;CH;58951;C;8;0;;1.19627;2.01448;0.23469;Azul;85;
14;CH;73807;C;29;0;;2.69961;1.95426;0.12663;Azul;85;
15;CH;72403;B;29;0;;1.51697;2.25613;0.20476;Azul;85;
16;CH;58263;E;11;0;;1.69144;1.19262;0.10864;Azul;85;
17;CH;71319;A;18;0;;2.27333;1.10434;0.22374;Azul;85;
18;CH;72046;B;11;0;;2.00942;3.12945;0.10072;Azul;85;
19;CH;57779;C;5;0;;1.16823;1.8229;0.2094;Azul;85;
20;CH;70759;C;2;0;;2.88413;0.16023;0.22054;Azul;85;
21;CH;71954;A;5;1;Não permitiu a convergência do algoritmo de estimação da TRI;;;;Azul;85;
22;CH;73447;D;14;1;Não permitiu a convergência do algoritmo de estimação da TRI;;;;Azul;85;
23;CH;72699;B;25;0;;0.90062;1.10916;0.18432;Azul;85;
24;CH;72636;B;1;0;;2.14874;1.31672;0.20651;Azul;85;
25;CH;58553;C;7;1;Não permitiu a convergência do algoritmo de estimação da TRI;;;;Azul;85;
26;CH;71256;C;4;0;;2.85188;2.23152;0.14467;Azul;85;
27;CH;71797;D;1;0;;1.97319;1.22785;0.15755;Azul;85;
28;CH;70981;E;10;0;;0.83586;1.0247;0.06118;Azul;85;
29;CH;71003;C;14;0;;0.99691;1.01416;0.03653;Azul;85;
30;CH;72620;E;12;0;;2.06397;0.96543;0.25849;Azul;85;
31;CH;58085;E;13;0;;1.73031;2.82836;0.11003;Azul;85;
32;CH;72239;D;22;0;;1.68348;1.08266;0.21502;Azul;85;
33;CH;70778;B;15;0;;2.60367;1.43022;0.14565;Azul;85;
34;CH;73334;E;24;0;;0.97806;2.69642;0.15667;Azul;85;
35;CH;70736;D;22;0;;1.56506;0.43448;0.14019;Azul;85;
36;CH;73132;B;16;0;;0.83885;0.31366;0.17272;Azul;85;
37;CH;58919;A;21;0;;0.98999;-1.26778;0.23087;Azul;85;
38;CH;73479;E;28;0;;1.84306;2.37817;0.15423;Azul;85;
39;CH;72915;A;23;0;;0.66322;0.29156;0.00915;Azul;85;
40;CH;70957;E;22;0;;1.09704;0.59484;0.03643;Azul;85;
41;CH;72105;D;3;0;;2.71121;0.95518;0.12189;Azul;85;
42;CH;73455;E;12;0;;1.98593;0.76952;0.21166;Azul;85;
43;CH;70983;C;20;0;;2.22541;0.50828;0.18564;Azul;85;
44;CH;71968;D;23;0;;2.17448;1.00289;0.18746;Azul;85;
45;CH;70695;D;24;0;;1.79698;1.72528;0.26503;Azul;85;
1;CH;71990;B;19;0;;1.35599;1.23358;0.23895;Amarelo;86;
2;CH;71933;A;6;0;;2.23777;1.04258;0.29804;Amarelo;86;
3;CH;73431;A;17;0;;1.58426;1.26006;0.19016;Amarelo;86;
4;CH;58249;B;26;0;;1.87124;-0.40493;0.17401;Amarelo;86;
5;CH;73858;A;26;0;;1.1977;1.28057;0.14723;Amarelo;86;
6;CH;73854;D;27;0;;0.4083;1.46209;0.02447;Amarelo;86;
7;CH;71987;C;16;0;;2.485;1.45898;0.18958;Amarelo;86;
8;CH;71165;B;18;0;;1.95978;-0.28047;0.15433;Amarelo;86;
9;CH;72681;A;9;0;;2.75163;0.48518;0.21916;Amarelo;86;
10;CH;73636;C;28;0;;1.4497;2.75231;0.08528;Amarelo;86;
11;CH;73852;B;30;0;;1.30894;1.93513;0.25936;Amarelo;86;
12;CH;70789;E;17;0;;2.03677;0.32474;0.22152;Amarelo;86;
13;CH;58951;C;8;0;;1.19627;2.01448;0.23469;Amarelo;86;
14;CH;71319;A;18;0;;2.27333;1.10434;0.22374;Amarelo;86;
15;CH;73807;C;29;0;;2.69961;1.95426;0.12663;Amarelo;86;
16;CH;58263;E;11;0;;1.69144;1.19262;0.10864;Amarelo;86;
17;CH;72046;B;11;0;;2.00942;3.12945;0.10072;Amarelo;86;
18;CH;72403;B;29;0;;1.51697;2.25613;0.20476;Amarelo;86;
19;CH;57779;C;5;0;;1.16823;1.8229;0.2094;Amarelo;86;
20;CH;71256;C;4;0;;2.85188;2.23152;0.14467;Amarelo;86;
21;CH;72699;B;25;0;;0.90062;1.10916;0.18432;Amarelo;86;
22;CH;73447;D;14;1;Não permitiu a convergência do algoritmo de estimação da TRI;;;;Amarelo;86;
23;CH;70759;C;2;0;;2.88413;0.16023;0.22054;Amarelo;86;
24;CH;71954;A;5;1;Não permitiu a convergência do algoritmo de estimação da TRI;;;;Amarelo;86;
25;CH;58553;C;7;1;Não permitiu a convergência do algoritmo de estimação da TRI;;;;Amarelo;86;
26;CH;71797;D;1;0;;1.97319;1.22785;0.15755;Amarelo;86;
27;CH;71003;C;14;0;;0.99691;1.01416;0.03653;Amarelo;86;
28;CH;72620;E;12;0;;2.06397;0.96543;0.25849;Amarelo;86;
29;CH;72636;B;1;0;;2.14874;1.31672;0.20651;Amarelo;86;
30;CH;72105;D;3;0;;2.71121;0.95518;0.12189;Amarelo;86;
31;CH;58085;E;13;0;;1.73031;2.82836;0.11003;Amarelo;86;
32;CH;72239;D;22;0;;1.68348;1.08266;0.21502;Amarelo;86;
33;CH;70778;B;15;0;;2.60367;1.43022;0.14565;Amarelo;86;
34;CH;73334;E;24;0;;0.97806;2.69642;0.15667;Amarelo;86;
35;CH;70981;E;10;0;;0.83586;1.0247;0.06118;Amarelo;86;
36;CH;73479;E;28;0;;1.84306;2.37817;0.15423;Amarelo;86;
37;CH;58919;A;21;0;;0.98999;-1.26778;0.23087;Amarelo;86;
38;CH;70736;D;22;0;;1.56506;0.43448;0.14019;Amarelo;86;
39;CH;73132;B;16;0;;0.83885;0.31366;0.17272;Amarelo;86;
40;CH;70957;E;22;0;;1.09704;0.59484;0.03643;Amarelo;86;
41;CH;72915;A;23;0;;0.66322;0.29156;0.00915;Amarelo;86;
42;CH;73455;E;12;0;;1.98593;0.76952;0.21166;Amarelo;86;
43;CH;70983;C;20;0;;2.22541;0.50828;0.18564;Amarelo;86;
44;CH;70695;D;24;0;;1.79698;1.72528;0.26503;Amarelo;86;
45;CH;71968;D;23;0;;2.17448;1.00289;0.18746;Amarelo;86;
1;CH;71933;A;6;0;;2.23777;1.04258;0.29804;Branco;87;
2;CH;73431;A;17;0;;1.58426;1.26006;0.19016;Branco;87;
3;CH;71990;B;19;0;;1.35599;1.23358;0.23895;Branco;87;
4;CH;58249;B;26;0;;1.87124;-0.40493;0.17401;Branco;87;
5;CH;73854;D;27;0;;0.4083;1.46209;0.02447;Branco;87;
6;CH;73858;A;26;0;;1.1977;1.28057;0.14723;Branco;87;
7;CH;71987;C;16;0;;2.485;1.45898;0.18958;Branco;87;
8;CH;71165;B;18;0;;1.95978;-0.28047;0.15433;Branco;87;
9;CH;73636;C;28;0;;1.4497;2.75231;0.08528;Branco;87;
10;CH;72681;A;9;0;;2.75163;0.48518;0.21916;Branco;87;
11;CH;73852;B;30;0;;1.30894;1.93513;0.25936;Branco;87;
12;CH;70789;E;17;0;;2.03677;0.32474;0.22152;Branco;87;
13;CH;58951;C;8;0;;1.19627;2.01448;0.23469;Branco;87;
14;CH;73807;C;29;0;;2.69961;1.95426;0.12663;Branco;87;
15;CH;72403;B;29;0;;1.51697;2.25613;0.20476;Branco;87;
16;CH;58263;E;11;0;;1.69144;1.19262;0.10864;Branco;87;
17;CH;72046;B;11;0;;2.00942;3.12945;0.10072;Branco;87;
18;CH;71319;A;18;0;;2.27333;1.10434;0.22374;Branco;87;
19;CH;57779;C;5;0;;1.16823;1.8229;0.2094;Branco;87;
20;CH;71954;A;5;1;Não permitiu a convergência do algoritmo de estimação da TRI;;;;Branco;87;
21;CH;70759;C;2;0;;2.88413;0.16023;0.22054;Branco;87;
22;CH;73447;D;14;1;Não permitiu a convergência do algoritmo de estimação da TRI;;;;Branco;87;
23;CH;72636;B;1;0;;2.14874;1.31672;0.20651;Branco;87;
24;CH;72699;B;25;0;;0.90062;1.10916;0.18432;Branco;87;
25;CH;58553;C;7;1;Não permitiu a convergência do algoritmo de estimação da TRI;;;;Branco;87;
26;CH;71256;C;4;0;;2.85188;2.23152;0.14467;Branco;87;
27;CH;70981;E;10;0;;0.83586;1.0247;0.06118;Branco;87;
28;CH;71797;D;1;0;;1.97319;1.22785;0.15755;Branco;87;
29;CH;72620;E;12;0;;2.06397;0.96543;0.25849;Branco;87;
30;CH;71003;C;14;0;;0.99691;1.01416;0.03653;Branco;87;
31;CH;58085;E;13;0;;1.73031;2.82836;0.11003;Branco;87;
32;CH;70778;B;15;0;;2.60367;1.43022;0.14565;Branco;87;
33;CH;70736;D;22;0;;1.56506;0.43448;0.14019;Branco;87;
34;CH;73334;E;24;0;;0.97806;2.69642;0.15667;Branco;87;
35;CH;72239;D;22;0;;1.68348;1.08266;0.21502;Branco;87;
36;CH;72915;A;23;0;;0.66322;0.29156;0.00915;Branco;87;
37;CH;58919;A;21;0;;0.98999;-1.26778;0.23087;Branco;87;
38;CH;73132;B;16;0;;0.83885;0.31366;0.17272;Branco;87;
39;CH;73479;E;28;0;;1.84306;2.37817;0.15423;Branco;87;
40;CH;70957;E;22;0;;1.09704;0.59484;0.03643;Branco;87;
41;CH;71968;D;23;0;;2.17448;1.00289;0.18746;Branco;87;
42;CH;72105;D;3;0;;2.71121;0.95518;0.12189;Branco;87;
43;CH;70983;C;20;0;;2.22541;0.50828;0.18564;Branco;87;
44;CH;73455;E;12;0;;1.98593;0.76952;0.21166;Branco;87;
45;CH;70695;D;24;0;;1.79698;1.72528;0.26503;Branco;87;
1;CH;73431;A;17;0;;1.58426;1.26006;0.19016;Rosa;88;
2;CH;71933;A;6;0;;2.23777;1.04258;0.29804;Rosa;88;
3;CH;71990;B;19;0;;1.35599;1.23358;0.23895;Rosa;88;
4;CH;58249;B;26;0;;1.87124;-0.40493;0.17401;Rosa;88;
5;CH;71165;B;18;0;;1.95978;-0.28047;0.15433;Rosa;88;
6;CH;73636;C;28;0;;1.4497;2.75231;0.08528;Rosa;88;
7;CH;71987;C;16;0;;2.485;1.45898;0.18958;Rosa;88;
8;CH;73852;B;30;0;;1.30894;1.93513;0.25936;Rosa;88;
9;CH;73854;D;27;0;;0.4083;1.46209;0.02447;Rosa;88;
10;CH;73858;A;26;0;;1.1977;1.28057;0.14723;Rosa;88;
11;CH;70789;E;17;0;;2.03677;0.32474;0.22152;Rosa;88;
12;CH;72681;A;9;0;;2.75163;0.48518;0.21916;Rosa;88;
13;CH;58951;C;8;0;;1.19627;2.01448;0.23469;Rosa;88;
14;CH;72403;B;29;0;;1.51697;2.25613;0.20476;Rosa;88;
15;CH;73807;C;29;0;;2.69961;1.95426;0.12663;Rosa;88;
16;CH;58263;E;11;0;;1.69144;1.19262;0.10864;Rosa;88;
17;CH;71319;A;18;0;;2.27333;1.10434;0.22374;Rosa;88;
18;CH;72046;B;11;0;;2.00942;3.12945;0.10072;Rosa;88;
19;CH;57779;C;5;0;;1.16823;1.8229;0.2094;Rosa;88;
20;CH;70759;C;2;0;;2.88413;0.16023;0.22054;Rosa;88;
21;CH;72699;B;25;0;;0.90062;1.10916;0.18432;Rosa;88;
22;CH;73447;D;14;1;Não permitiu a convergência do algoritmo de estimação da TRI;;;;Rosa;88;
23;CH;71954;A;5;1;Não permitiu a convergência do algoritmo de estimação da TRI;;;;Rosa;88;
24;CH;71256;C;4;0;;2.85188;2.23152;0.14467;Rosa;88;
25;CH;58553;C;7;1;Não permitiu a convergência do algoritmo de estimação da TRI;;;;Rosa;88;
26;CH;72636;B;1;0;;2.14874;1.31672;0.20651;Rosa;88;
27;CH;72620;E;12;0;;2.06397;0.96543;0.25849;Rosa;88;
28;CH;71003;C;14;0;;0.99691;1.01416;0.03653;Rosa;88;
29;CH;71797;D;1;0;;1.97319;1.22785;0.15755;Rosa;88;
30;CH;70981;E;10;0;;0.83586;1.0247;0.06118;Rosa;88;
31;CH;58085;E;13;0;;1.73031;2.82836;0.11003;Rosa;88;
32;CH;70778;B;15;0;;2.60367;1.43022;0.14565;Rosa;88;
33;CH;72239;D;22;0;;1.68348;1.08266;0.21502;Rosa;88;
34;CH;73334;E;24;0;;0.97806;2.69642;0.15667;Rosa;88;
35;CH;70736;D;22;0;;1.56506;0.43448;0.14019;Rosa;88;
36;CH;73132;B;16;0;;0.83885;0.31366;0.17272;Rosa;88;
37;CH;58919;A;21;0;;0.98999;-1.26778;0.23087;Rosa;88;
38;CH;72915;A;23;0;;0.66322;0.29156;0.00915;Rosa;88;
39;CH;73479;E;28;0;;1.84306;2.37817;0.15423;Rosa;88;
40;CH;70957;E;22;0;;1.09704;0.59484;0.03643;Rosa;88;
41;CH;73455;E;12;0;;1.98593;0.76952;0.21166;Rosa;88;
42;CH;70695;D;24;0;;1.79698;1.72528;0.26503;Rosa;88;
43;CH;70983;C;20;0;;2.22541;0.50828;0.18564;Rosa;88;
44;CH;71968;D;23;0;;2.17448;1.00289;0.18746;Rosa;88;
45;CH;72105;D;3;0;;2.71121;0.95518;0.12189;Rosa;88;
1;CH;70996;B;;0;;2.05843;-1.00956;0.134;Azul;101;
2;CH;71134;A;;0;;1.69469;0.721;0.40016;Azul;101;
3;CH;70505;A;;0;;1.594;-0.72724;0.17136;Azul;101;
4;CH;71148;B;;0;;1.89384;0.62108;0.16081;Azul;101;
5;CH;70188;D;;0;;1.2081;-0.24497;0.1433;Azul;101;
6;CH;73091;E;;0;;1.28812;0.02653;0.08588;Azul;101;
7;CH;58040;A;;0;;1.78851;-0.05176;0.14161;Azul;101;
8;CH;71321;B;;0;;0.9479;0.18538;0.11688;Azul;101;
9;CH;73523;D;;0;;1.89805;-0.10533;0.15658;Azul;101;
10;CH;71166;A;;0;;1.0144;2.27766;0.27842;Azul;101;
11;CH;73460;C;;0;;1.44413;0.08864;0.43703;Azul;101;
12;CH;73492;C;;0;;1.56736;0.18401;0.14218;Azul;101;
13;CH;72577;C;;0;;2.63316;1.36993;0.23043;Azul;101;
14;CH;70661;A;;0;;1.40644;0.12632;0.09585;Azul;101;
15;CH;72961;B;;1;Não permitiu a convergência do algoritmo de estimação da TRI;;;;Azul;101;
16;CH;71588;A;;0;;2.55516;0.13706;0.17479;Azul;101;
17;CH;72917;B;;0;;2.95907;0.87062;0.13398;Azul;101;
18;CH;72513;E;;0;;2.68061;2.48757;0.40042;Azul;101;
19;CH;70718;C;;0;;1.23278;1.86876;0.18076;Azul;101;
20;CH;72000;E;;0;;1.00898;0.66168;0.14298;Azul;101;
21;CH;71985;B;;0;;2.02333;2.8939;0.09482;Azul;101;
22;CH;58272;E;;0;;1.82359;1.73242;0.14233;Azul;101;
23;CH;72198;B;;0;;2.7572;2.83497;0.19087;Azul;101;
24;CH;73355;E;;0;;1.79058;0.87953;0.16107;Azul;101;
25;CH;57795;B;;0;;1.16602;-0.08119;0.11585;Azul;101;
26;CH;73289;C;;0;;1.73689;1.536;0.20857;Azul;101;
27;CH;73480;A;;0;;0.66144;0.29214;0.17028;Azul;101;
28;CH;72160;B;;0;;2.21476;-0.03262;0.15469;Azul;101;
29;CH;71155;A;;0;;2.03481;1.88671;0.27274;Azul;101;
30;CH;73474;C;;0;;1.82364;2.61981;0.23757;Azul;101;
31;CH;57835;D;;0;;1.27922;0.95159;0.13537;Azul;101;
32;CH;71629;A;;0;;1.16855;1.67942;0.21257;Azul;101;
33;CH;72465;A;;0;;1.86134;0.3581;0.355;Azul;101;
34;CH;73887;D;;0;;0.96039;4.86461;0.25059;Azul;101;
35;CH;70832;C;;0;;1.54585;0.05745;0.30834;Azul;101;
36;CH;73033;D;;0;;1.19282;2.38573;0.2035;Azul;101;
37;CH;71031;B;;0;;1.62868;1.80072;0.11308;Azul;101;
38;CH;72523;C;;0;;1.55309;1.60577;0.17247;Azul;101;
39;CH;73725;D;;0;;2.29613;1.41752;0.22111;Azul;101;
40;CH;70771;B;;0;;1.63786;0.18528;0.18916;Azul;101;
41;CH;71860;B;;0;;0.74005;0.99172;0.1096;Azul;101;
42;CH;72981;E;;0;;0.68953;-0.46163;0.18803;Azul;101;
43;CH;70991;E;;0;;1.71191;0.89172;0.10996;Azul;101;
44;CH;72897;C;;0;;1.03519;1.11004;0.12957;Azul;101;
45;CH;70229;B;;0;;1.79508;1.86106;0.18602;Azul;101;
1;CH;70188;D;;0;;1.2081;-0.24497;0.1433;Amarelo;102;
2;CH;70996;B;;0;;2.05843;-1.00956;0.134;Amarelo;102;
3;CH;71134;A;;0;;1.69469;0.721;0.40016;Amarelo;102;
4;CH;71148;B;;0;;1.89384;0.62108;0.16081;Amarelo;102;
5;CH;70505;A;;0;;1.594;-0.72724;0.17136;Amarelo;102;
6;CH;71166;A;;0;;1.0144;2.27766;0.27842;Amarelo;102;
7;CH;58040;A;;0;;1.78851;-0.05176;0.14161;Amarelo;102;
8;CH;73091;E;;0;;1.28812;0.02653;0.08588;Amarelo;102;
9;CH;71321;B;;0;;0.9479;0.18538;0.11688;Amarelo;102;
10;CH;73523;D;;0;;1.89805;-0.10533;0.15658;Amarelo;102;
11;CH;70661;A;;0;;1.40644;0.12632;0.09585;Amarelo;102;
12;CH;72961;B;;1;Não permitiu a convergência do algoritmo de estimação da TRI;;;;Amarelo;102;
13;CH;72577;C;;0;;2.63316;1.36993;0.23043;Amarelo;102;
14;CH;73460;C;;0;;1.44413;0.08864;0.43703;Amarelo;102;
15;CH;73492;C;;0;;1.56736;0.18401;0.14218;Amarelo;102;
16;CH;71588;A;;0;;2.55516;0.13706;0.17479;Amarelo;102;
17;CH;72000;E;;0;;1.00898;0.66168;0.14298;Amarelo;102;
18;CH;71985;B;;0;;2.02333;2.8939;0.09482;Amarelo;102;
19;CH;70718;C;;0;;1.23278;1.86876;0.18076;Amarelo;102;
20;CH;72917;B;;0;;2.95907;0.87062;0.13398;Amarelo;102;
21;CH;72513;E;;0;;2.68061;2.48757;0.40042;Amarelo;102;
22;CH;58272;E;;0;;1.82359;1.73242;0.14233;Amarelo;102;
23;CH;73480;A;;0;;0.66144;0.29214;0.17028;Amarelo;102;
24;CH;72198;B;;0;;2.7572;2.83497;0.19087;Amarelo;102;
25;CH;57795;B;;0;;1.16602;-0.08119;0.11585;Amarelo;102;
26;CH;73355;E;;0;;1.79058;0.87953;0.16107;Amarelo;102;
27;CH;73289;C;;0;;1.73689;1.536;0.20857;Amarelo;102;
28;CH;71629;A;;0;;1.16855;1.67942;0.21257;Amarelo;102;
29;CH;72160;B;;0;;2.21476;-0.03262;0.15469;Amarelo;102;
30;CH;71155;A;;0;;2.03481;1.88671;0.27274;Amarelo;102;
31;CH;57835;D;;0;;1.27922;0.95159;0.13537;Amarelo;102;
32;CH;73474;C;;0;;1.82364;2.61981;0.23757;Amarelo;102;
33;CH;72523;C;;0;;1.55309;1.60577;0.17247;Amarelo;102;
34;CH;73887;D;;0;;0.96039;4.86461;0.25059;Amarelo;102;
35;CH;72465;A;;0;;1.86134;0.3581;0.355;Amarelo;102;
36;CH;70832;C;;0;;1.54585;0.05745;0.30834;Amarelo;102;
37;CH;71031;B;;0;;1.62868;1.80072;0.11308;Amarelo;102;
38;CH;73033;D;;0;;1.19282;2.38573;0.2035;Amarelo;102;
39;CH;70229;B;;0;;1.79508;1.86106;0.18602;Amarelo;102;
40;CH;70771;B;;0;;1.63786;0.18528;0.18916;Amarelo;102;
41;CH;73725;D;;0;;2.29613;1.41752;0.22111;Amarelo;102;
42;CH;71860;B;;0;;0.74005;0.99172;0.1096;Amarelo;102;
43;CH;70991;E;;0;;1.71191;0.89172;0.10996;Amarelo;102;
44;CH;72981;E;;0;;0.68953;-0.46163;0.18803;Amarelo;102;
45;CH;72897;C;;0;;1.03519;1.11004;0.12957;Amarelo;102;
1;CH;70505;A;;0;;1.594;-0.72724;0.17136;Branco;103;
2;CH;70188;D;;0;;1.2081;-0.24497;0.1433;Branco;103;
3;CH;70996;B;;0;;2.05843;-1.00956;0.134;Branco;103;
4;CH;71148;B;;0;;1.89384;0.62108;0.16081;Branco;103;
5;CH;71134;A;;0;;1.69469;0.721;0.40016;Branco;103;
6;CH;73523;D;;0;;1.89805;-0.10533;0.15658;Branco;103;
7;CH;58040;A;;0;;1.78851;-0.05176;0.14161;Branco;103;
8;CH;71166;A;;0;;1.0144;2.27766;0.27842;Branco;103;
9;CH;73091;E;;0;;1.28812;0.02653;0.08588;Branco;103;
10;CH;71321;B;;0;;0.9479;0.18538;0.11688;Branco;103;
11;CH;72917;B;;0;;2.95907;0.87062;0.13398;Branco;103;
12;CH;72513;E;;0;;2.68061;2.48757;0.40042;Branco;103;
13;CH;72577;C;;0;;2.63316;1.36993;0.23043;Branco;103;
14;CH;72000;E;;0;;1.00898;0.66168;0.14298;Branco;103;
15;CH;71985;B;;0;;2.02333;2.8939;0.09482;Branco;103;
16;CH;71588;A;;0;;2.55516;0.13706;0.17479;Branco;103;
17;CH;73460;C;;0;;1.44413;0.08864;0.43703;Branco;103;
18;CH;73492;C;;0;;1.56736;0.18401;0.14218;Branco;103;
19;CH;70718;C;;0;;1.23278;1.86876;0.18076;Branco;103;
20;CH;70661;A;;0;;1.40644;0.12632;0.09585;Branco;103;
21;CH;72961;B;;1;Não permitiu a convergência do algoritmo de estimação da TRI;;;;Branco;103;
22;CH;58272;E;;0;;1.82359;1.73242;0.14233;Branco;103;
23;CH;73289;C;;0;;1.73689;1.536;0.20857;Branco;103;
24;CH;73480;A;;0;;0.66144;0.29214;0.17028;Branco;103;
25;CH;57795;B;;0;;1.16602;-0.08119;0.11585;Branco;103;
26;CH;72198;B;;0;;2.7572;2.83497;0.19087;Branco;103;
27;CH;73355;E;;0;;1.79058;0.87953;0.16107;Branco;103;
28;CH;73474;C;;0;;1.82364;2.61981;0.23757;Branco;103;
29;CH;71629;A;;0;;1.16855;1.67942;0.21257;Branco;103;
30;CH;72160;B;;0;;2.21476;-0.03262;0.15469;Branco;103;
31;CH;57835;D;;0;;1.27922;0.95159;0.13537;Branco;103;
32;CH;71155;A;;0;;2.03481;1.88671;0.27274;Branco;103;
33;CH;73033;D;;0;;1.19282;2.38573;0.2035;Branco;103;
34;CH;73887;D;;0;;0.96039;4.86461;0.25059;Branco;103;
35;CH;72523;C;;0;;1.55309;1.60577;0.17247;Branco;103;
36;CH;72465;A;;0;;1.86134;0.3581;0.355;Branco;103;
37;CH;71031;B;;0;;1.62868;1.80072;0.11308;Branco;103;
38;CH;70832;C;;0;;1.54585;0.05745;0.30834;Branco;103;
39;CH;72897;C;;0;;1.03519;1.11004;0.12957;Branco;103;
40;CH;70771;B;;0;;1.63786;0.18528;0.18916;Branco;103;
41;CH;70229;B;;0;;1.79508;1.86106;0.18602;Branco;103;
42;CH;73725;D;;0;;2.29613;1.41752;0.22111;Branco;103;
43;CH;70991;E;;0;;1.71191;0.89172;0.10996;Branco;103;
44;CH;71860;B;;0;;0.74005;0.99172;0.1096;Branco;103;
45;CH;72981;E;;0;;0.68953;-0.46163;0.18803;Branco;103;
1;CH;71134;A;;0;;1.69469;0.721;0.40016;Rosa;104;
2;CH;70505;A;;0;;1.594;-0.72724;0.17136;Rosa;104;
3;CH;70188;D;;0;;1.2081;-0.24497;0.1433;Rosa;104;
4;CH;71148;B;;0;;1.89384;0.62108;0.16081;Rosa;104;
5;CH;70996;B;;0;;2.05843;-1.00956;0.134;Rosa;104;
6;CH;71321;B;;0;;0.9479;0.18538;0.11688;Rosa;104;
7;CH;58040;A;;0;;1.78851;-0.05176;0.14161;Rosa;104;
8;CH;73523;D;;0;;1.89805;-0.10533;0.15658;Rosa;104;
9;CH;71166;A;;0;;1.0144;2.27766;0.27842;Rosa;104;
10;CH;73091;E;;0;;1.28812;0.02653;0.08588;Rosa;104;
11;CH;72000;E;;0;;1.00898;0.66168;0.14298;Rosa;104;
12;CH;71985;B;;0;;2.02333;2.8939;0.09482;Rosa;104;
13;CH;72577;C;;0;;2.63316;1.36993;0.23043;Rosa;104;
14;CH;72917;B;;0;;2.95907;0.87062;0.13398;Rosa;104;
15;CH;72513;E;;0;;2.68061;2.48757;0.40042;Rosa;104;
16;CH;71588;A;;0;;2.55516;0.13706;0.17479;Rosa;104;
17;CH;70661;A;;0;;1.40644;0.12632;0.09585;Rosa;104;
18;CH;72961;B;;1;Não permitiu a convergência do algoritmo de estimação da TRI;;;;Rosa;104;
19;CH;70718;C;;0;;1.23278;1.86876;0.18076;Rosa;104;
20;CH;73460;C;;0;;1.44413;0.08864;0.43703;Rosa;104;
21;CH;73492;C;;0;;1.56736;0.18401;0.14218;Rosa;104;
22;CH;58272;E;;0;;1.82359;1.73242;0.14233;Rosa;104;
23;CH;73355;E;;0;;1.79058;0.87953;0.16107;Rosa;104;
24;CH;73289;C;;0;;1.73689;1.536;0.20857;Rosa;104;
25;CH;57795;B;;0;;1.16602;-0.08119;0.11585;Rosa;104;
26;CH;73480;A;;0;;0.66144;0.29214;0.17028;Rosa;104;
27;CH;72198;B;;0;;2.7572;2.83497;0.19087;Rosa;104;
28;CH;71155;A;;0;;2.03481;1.88671;0.27274;Rosa;104;
29;CH;73474;C;;0;;1.82364;2.61981;0.23757;Rosa;104;
30;CH;71629;A;;0;;1.16855;1.67942;0.21257;Rosa;104;
31;CH;57835;D;;0;;1.27922;0.95159;0.13537;Rosa;104;
32;CH;72160;B;;0;;2.21476;-0.03262;0.15469;Rosa;104;
33;CH;70832;C;;0;;1.54585;0.05745;0.30834;Rosa;104;
34;CH;73887;D;;0;;0.96039;4.86461;0.25059;Rosa;104;
35;CH;73033;D;;0;;1.19282;2.38573;0.2035;Rosa;104;
36;CH;72523;C;;0;;1.55309;1.60577;0.17247;Rosa;104;
37;CH;71031;B;;0;;1.62868;1.80072;0.11308;Rosa;104;
38;CH;72465;A;;0;;1.86134;0.3581;0.355;Rosa;104;
39;CH;72981;E;;0;;0.68953;-0.46163;0.18803;Rosa;104;
40;CH;70771;B;;0;;1.63786;0.18528;0.18916;Rosa;104;
41;CH;72897;C;;0;;1.03519;1.11004;0.12957;Rosa;104;
42;CH;70229;B;;0;;1.79508;1.86106;0.18602;Rosa;104;
43;CH;70991;E;;0;;1.71191;0.89172;0.10996;Rosa;104;
44;CH;73725;D;;0;;2.29613;1.41752;0.22111;Rosa;104;
45;CH;71860;B;;0;;0.74005;0.99172;0.1096;Rosa;104;
46;CN;70643;B;11;0;;2.03651;-0.19844;0.18555;Azul;89;
47;CN;71288;A;1;0;;2.28839;1.59673;0.12545;Azul;89;
48;CN;70531;C;5;0;;1.64471;1.69985;0.15605;Azul;89;
49;CN;57850;E;30;0;;1.3956;-1.05106;0.10029;Azul;89;
50;CN;73424;A;3;0;;2.32188;2.22673;0.17118;Azul;89;
51;CN;70525;D;3;0;;1.26426;1.65221;0.05915;Azul;89;
52;CN;70042;C;7;0;;1.16861;-0.67482;0.05898;Azul;89;
53;CN;73219;A;2;0;;1.61747;0.76122;0.18006;Azul;89;
54;CN;73696;E;20;0;;0.56819;1.41425;0.00586;Azul;89;
55;CN;72927;C;8;1;Não permitiu a convergência do algoritmo de estimação da TRI;;;;Azul;89;
56;CN;71084;A;18;0;;2.06202;-0.20791;0.14685;Azul;89;
57;CN;71632;B;10;0;;2.55259;0.9479;0.26359;Azul;89;
58;CN;70794;D;21;0;;3.47034;0.64308;0.16107;Azul;89;
59;CN;71520;D;19;0;;2.62967;0.03807;0.12663;Azul;89;
60;CN;72623;A;14;0;;1.66301;0.50663;0.15029;Azul;89;
61;CN;57917;C;10;0;;3.51367;0.58856;0.18597;Azul;89;
62;CN;73589;B;29;0;;2.97303;0.16906;0.20131;Azul;89;
63;CN;73502;A;23;0;;3.11428;0.54328;0.23964;Azul;89;
64;CN;58406;B;16;0;;1.82018;1.12506;0.10753;Azul;89;
65;CN;72819;E;8;0;;1.74003;1.27345;0.10099;Azul;89;
66;CN;72083;B;14;0;;3.42432;2.05262;0.09776;Azul;89;
67;CN;70145;D;23;1;Não permitiu a convergência do algoritmo de estimação da TRI;;;;Azul;89;
68;CN;71326;E;6;0;;1.86418;1.68423;0.10585;Azul;89;
69;CN;70060;D;26;0;;3.31643;1.74716;0.17746;Azul;89;
70;CN;59232;A;5;1;Não permitiu a convergência do algoritmo de estimação da TRI;;;;Azul;89;
71;CN;70785;E;13;0;;0.791;2.21444;0.06663;Azul;89;
72;CN;73092;E;27;1;Não permitiu a convergência do algoritmo de estimação da TRI;;;;Azul;89;
73;CN;71673;C;25;0;;0.47205;4.43681;0.17507;Azul;89;
74;CN;70113;D;26;0;;0.42556;2.1523;0.04743;Azul;89;
75;CN;70722;B;28;0;;2.804;0.02055;0.1459;Azul;89;
76;CN;70674;C;11;0;;0.93223;1.88168;0.17707;Azul;89;
77;CN;70101;D;24;0;;4.5052;1.42331;0.18609;Azul;89;
78;CN;73691;B;22;0;;0.76591;0.52326;0.00875;Azul;89;
79;CN;58850;D;24;0;;2.7762;1.36488;0.15192;Azul;89;
80;CN;72760;E;17;0;;3.03635;1.52425;0.11939;Azul;89;
81;CN;73473;E;20;0;;1.68073;1.19907;0.19493;Azul;89;
82;CN;71247;A;18;0;;3.52576;1.87056;0.18979;Azul;89;
83;CN;71960;B;25;0;;2.33988;1.28868;0.2589;Azul;89;
84;CN;72061;D;1;0;;1.47945;1.29973;0.0971;Azul;89;
85;CN;71364;A;12;0;;2.23867;1.6399;0.14187;Azul;89;
86;CN;70272;C;15;0;;2.04719;0.92652;0.1801;Azul;89;
87;CN;71099;E;9;0;;2.27028;1.01961;0.18727;Azul;89;
88;CN;57872;D;14;0;;1.88952;-0.19051;0.23446;Azul;89;
89;CN;70361;D;23;0;;2.775;0.43465;0.11501;Azul;89;
90;CN;70861;C;4;0;;1.92617;0.71518;0.13916;Azul;89;
46;CN;73424;A;3;0;;2.32188;2.22673;0.17118;Amarelo;90;
47;CN;70531;C;5;0;;1.64471;1.69985;0.15605;Amarelo;90;
48;CN;71288;A;1;0;;2.28839;1.59673;0.12545;Amarelo;90;
49;CN;57850;E;30;0;;1.3956;-1.05106;0.10029;Amarelo;90;
50;CN;70643;B;11;0;;2.03651;-0.19844;0.18555;Amarelo;90;
51;CN;72927;C;8;1;Não permitiu a convergência do algoritmo de estimação da TRI;;;;Amarelo;90;
52;CN;70042;C;7;0;;1.16861;-0.67482;0.05898;Amarelo;90;
53;CN;73696;E;20;0;;0.56819;1.41425;0.00586;Amarelo;90;
54;CN;73219;A;2;0;;1.61747;0.76122;0.18006;Amarelo;90;
55;CN;70525;D;3;0;;1.26426;1.65221;0.05915;Amarelo;90;
56;CN;72623;A;14;0;;1.66301;0.50663;0.15029;Amarelo;90;
57;CN;71520;D;19;0;;2.62967;0.03807;0.12663;Amarelo;90;
58;CN;70794;D;21;0;;3.47034;0.64308;0.16107;Amarelo;90;
59;CN;71632;B;10;0;;2.55259;0.9479;0.26359;Amarelo;90;
60;CN;71084;A;18;0;;2.06202;-0.20791;0.14685;Amarelo;90;
61;CN;57917;C;10;0;;3.51367;0.58856;0.18597;Amarelo;90;
62;CN;72083;B;14;0;;3.42432;2.05262;0.09776;Amarelo;90;
63;CN;72819;E;8;0;;1.74003;1.27345;0.10099;Amarelo;90;
64;CN;58406;B;16;0;;1.82018;1.12506;0.10753;Amarelo;90;
65;CN;73502;A;23;0;;3.11428;0.54328;0.23964;Amarelo;90;
66;CN;73589;B;29;0;;2.97303;0.16906;0.20131;Amarelo;90;
67;CN;70145;D;23;1;Não permitiu a convergência do algoritmo de estimação da TRI;;;;Amarelo;90;
68;CN;73092;E;27;1;Não permitiu a convergência do algoritmo de estimação da TRI;;;;Amarelo;90;
69;CN;70785;E;13;0;;0.791;2.21444;0.06663;Amarelo;90;
70;CN;59232;A;5;1;Não permitiu a convergência do algoritmo de estimação da TRI;;;;Amarelo;90;
71;CN;70060;D;26;0;;3.31643;1.74716;0.17746;Amarelo;90;
72;CN;71326;E;6;0;;1.86418;1.68423;0.10585;Amarelo;90;
73;CN;70101;D;24;0;;4.5052;1.42331;0.18609;Amarelo;90;
74;CN;70113;D;26;0;;0.42556;2.1523;0.04743;Amarelo;90;
75;CN;73691;B;22;0;;0.76591;0.52326;0.00875;Amarelo;90;
76;CN;70674;C;11;0;;0.93223;1.88168;0.17707;Amarelo;90;
77;CN;70722;B;28;0;;2.804;0.02055;0.1459;Amarelo;90;
78;CN;71673;C;25;0;;0.47205;4.43681;0.17507;Amarelo;90;
79;CN;58850;D;24;0;;2.7762;1.36488;0.15192;Amarelo;90;
80;CN;72061;D;1;0;;1.47945;1.29973;0.0971;Amarelo;90;
81;CN;71960;B;25;0;;2.33988;1.28868;0.2589;Amarelo;90;
82;CN;71247;A;18;0;;3.52576;1.87056;0.18979;Amarelo;90;
83;CN;73473;E;20;0;;1.68073;1.19907;0.19493;Amarelo;90;
84;CN;72760;E;17;0;;3.03635;1.52425;0.11939;Amarelo;90;
85;CN;71364;A;12;0;;2.23867;1.6399;0.14187;Amarelo;90;
86;CN;70861;C;4;0;;1.92617;0.71518;0.13916;Amarelo;90;
87;CN;70361;D;23;0;;2.775;0.43465;0.11501;Amarelo;90;
88;CN;57872;D;14;0;;1.88952;-0.19051;0.23446;Amarelo;90;
89;CN;71099;E;9;0;;2.27028;1.01961;0.18727;Amarelo;90;
90;CN;70272;C;15;0;;2.04719;0.92652;0.1801;Amarelo;90;
46;CN;70531;C;5;0;;1.64471;1.69985;0.15605;Branco;91;
47;CN;73424;A;3;0;;2.32188;2.22673;0.17118;Branco;91;
48;CN;70643;B;11;0;;2.03651;-0.19844;0.18555;Branco;91;
49;CN;57850;E;30;0;;1.3956;-1.05106;0.10029;Branco;91;
50;CN;71288;A;1;0;;2.28839;1.59673;0.12545;Branco;91;
51;CN;73219;A;2;0;;1.61747;0.76122;0.18006;Branco;91;
52;CN;70042;C;7;0;;1.16861;-0.67482;0.05898;Branco;91;
53;CN;70525;D;3;0;;1.26426;1.65221;0.05915;Branco;91;
54;CN;72927;C;8;1;Não permitiu a convergência do algoritmo de estimação da TRI;;;;Branco;91;
55;CN;73696;E;20;0;;0.56819;1.41425;0.00586;Branco;91;
56;CN;71632;B;10;0;;2.55259;0.9479;0.26359;Branco;91;
57;CN;72623;A;14;0;;1.66301;0.50663;0.15029;Branco;91;
58;CN;70794;D;21;0;;3.47034;0.64308;0.16107;Branco;91;
59;CN;71084;A;18;0;;2.06202;-0.20791;0.14685;Branco;91;
60;CN;71520;D;19;0;;2.62967;0.03807;0.12663;Branco;91;
61;CN;57917;C;10;0;;3.51367;0.58856;0.18597;Branco;91;
62;CN;72819;E;8;0;;1.74003;1.27345;0.10099;Branco;91;
63;CN;72083;B;14;0;;3.42432;2.05262;0.09776;Branco;91;
64;CN;58406;B;16;0;;1.82018;1.12506;0.10753;Branco;91;
65;CN;73589;B;29;0;;2.97303;0.16906;0.20131;Branco;91;
66;CN;73502;A;23;0;;3.11428;0.54328;0.23964;Branco;91;
67;CN;70145;D;23;1;Não permitiu a convergência do algoritmo de estimação da TRI;;;;Branco;91;
68;CN;70060;D;26;0;;3.31643;1.74716;0.17746;Branco;91;
69;CN;73092;E;27;1;Não permitiu a convergência do algoritmo de estimação da TRI;;;;Branco;91;
70;CN;59232;A;5;1;Não permitiu a convergência do algoritmo de estimação da TRI;;;;Branco;91;
71;CN;71326;E;6;0;;1.86418;1.68423;0.10585;Branco;91;
72;CN;70785;E;13;0;;0.791;2.21444;0.06663;Branco;91;
73;CN;73691;B;22;0;;0.76591;0.52326;0.00875;Branco;91;
74;CN;70113;D;26;0;;0.42556;2.1523;0.04743;Branco;91;
75;CN;70101;D;24;0;;4.5052;1.42331;0.18609;Branco;91;
76;CN;70674;C;11;0;;0.93223;1.88168;0.17707;Branco;91;
77;CN;71673;C;25;0;;0.47205;4.43681;0.17507;Branco;91;
78;CN;70722;B;28;0;;2.804;0.02055;0.1459;Branco;91;
79;CN;58850;D;24;0;;2.7762;1.36488;0.15192;Branco;91;
80;CN;71960;B;25;0;;2.33988;1.28868;0.2589;Branco;91;
81;CN;72061;D;1;0;;1.47945;1.29973;0.0971;Branco;91;
82;CN;71247;A;18;0;;3.52576;1.87056;0.18979;Branco;91;
83;CN;72760;E;17;0;;3.03635;1.52425;0.11939;Branco;91;
84;CN;73473;E;20;0;;1.68073;1.19907;0.19493;Branco;91;
85;CN;71364;A;12;0;;2.23867;1.6399;0.14187;Branco;91;
86;CN;70361;D;23;0;;2.775;0.43465;0.11501;Branco;91;
87;CN;70861;C;4;0;;1.92617;0.71518;0.13916;Branco;91;
88;CN;57872;D;14;0;;1.88952;-0.19051;0.23446;Branco;91;
89;CN;70272;C;15;0;;2.04719;0.92652;0.1801;Branco;91;
90;CN;71099;E;9;0;;2.27028;1.01961;0.18727;Branco;91;
46;CN;71288;A;1;0;;2.28839;1.59673;0.12545;Rosa;92;
47;CN;70643;B;11;0;;2.03651;-0.19844;0.18555;Rosa;92;
48;CN;73424;A;3;0;;2.32188;2.22673;0.17118;Rosa;92;
49;CN;57850;E;30;0;;1.3956;-1.05106;0.10029;Rosa;92;
50;CN;70531;C;5;0;;1.64471;1.69985;0.15605;Rosa;92;
51;CN;73696;E;20;0;;0.56819;1.41425;0.00586;Rosa;92;
52;CN;70042;C;7;0;;1.16861;-0.67482;0.05898;Rosa;92;
53;CN;72927;C;8;1;Não permitiu a convergência do algoritmo de estimação da TRI;;;;Rosa;92;
54;CN;70525;D;3;0;;1.26426;1.65221;0.05915;Rosa;92;
55;CN;73219;A;2;0;;1.61747;0.76122;0.18006;Rosa;92;
56;CN;71520;D;19;0;;2.62967;0.03807;0.12663;Rosa;92;
57;CN;71084;A;18;0;;2.06202;-0.20791;0.14685;Rosa;92;
58;CN;70794;D;21;0;;3.47034;0.64308;0.16107;Rosa;92;
59;CN;72623;A;14;0;;1.66301;0.50663;0.15029;Rosa;92;
60;CN;71632;B;10;0;;2.55259;0.9479;0.26359;Rosa;92;
61;CN;57917;C;10;0;;3.51367;0.58856;0.18597;Rosa;92;
62;CN;73502;A;23;0;;3.11428;0.54328;0.23964;Rosa;92;
63;CN;73589;B;29;0;;2.97303;0.16906;0.20131;Rosa;92;
64;CN;58406;B;16;0;;1.82018;1.12506;0.10753;Rosa;92;
65;CN;72083;B;14;0;;3.42432;2.05262;0.09776;Rosa;92;
66;CN;72819;E;8;0;;1.74003;1.27345;0.10099;Rosa;92;
67;CN;70145;D;23;1;Não permitiu a convergência do algoritmo de estimação da TRI;;;;Rosa;92;
68;CN;70785;E;13;0;;0.791;2.21444;0.06663;Rosa;92;
69;CN;71326;E;6;0;;1.86418;1.68423;0.10585;Rosa;92;
70;CN;59232;A;5;1;Não permitiu a convergência do algoritmo de estimação da TRI;;;;Rosa;92;
71;CN;73092;E;27;1;Não permitiu a convergência do algoritmo de estimação da TRI;;;;Rosa;92;
72;CN;70060;D;26;0;;3.31643;1.74716;0.17746;Rosa;92;
73;CN;70722;B;28;0;;2.804;0.02055;0.1459;Rosa;92;
74;CN;70113;D;26;0;;0.42556;2.1523;0.04743;Rosa;92;
75;CN;71673;C;25;0;;0.47205;4.43681;0.17507;Rosa;92;
76;CN;70674;C;11;0;;0.93223;1.88168;0.17707;Rosa;92;
77;CN;73691;B;22;0;;0.76591;0.52326;0.00875;Rosa;92;
78;CN;70101;D;24;0;;4.5052;1.42331;0.18609;Rosa;92;
79;CN;58850;D;24;0;;2.7762;1.36488;0.15192;Rosa;92;
80;CN;73473;E;20;0;;1.68073;1.19907;0.19493;Rosa;92;
81;CN;72760;E;17;0;;3.03635;1.52425;0.11939;Rosa;92;
82;CN;71247;A;18;0;;3.52576;1.87056;0.18979;Rosa;92;
83;CN;72061;D;1;0;;1.47945;1.29973;0.0971;Rosa;92;
84;CN;71960;B;25;0;;2.33988;1.28868;0.2589;Rosa;92;
85;CN;71364;A;12;0;;2.23867;1.6399;0.14187;Rosa;92;
86;CN;71099;E;9;0;;2.27028;1.01961;0.18727;Rosa;92;
87;CN;70272;C;15;0;;2.04719;0.92652;0.1801;Rosa;92;
88;CN;57872;D;14;0;;1.88952;-0.19051;0.23446;Rosa;92;
89;CN;70861;C;4;0;;1.92617;0.71518;0.13916;Rosa;92;
90;CN;70361;D;23;0;;2.775;0.43465;0.11501;Rosa;92;
46;CN;70672;D;;0;;2.37778;0.11977;0.08141;Azul;105;
47;CN;72363;B;;0;;1.9641;0.51589;0.15326;Azul;105;
48;CN;58448;A;;0;;3.21576;0.54453;0.16566;Azul;105;
49;CN;57885;C;;0;;0.9646;-0.49677;0.19177;Azul;105;
50;CN;71880;C;;0;;1.29595;-0.37938;0.17234;Azul;105;
51;CN;72694;D;;0;;2.11018;0.43621;0.21968;Azul;105;
52;CN;70613;A;;0;;2.29529;-0.04933;0.14538;Azul;105;
53;CN;72666;D;;0;;5.15088;1.47722;0.12156;Azul;105;
54;CN;73709;C;;0;;1.47638;1.6818;0.19514;Azul;105;
55;CN;70435;C;;0;;3.00827;1.23326;0.17886;Azul;105;
56;CN;70965;C;;0;;4.27762;0.42898;0.20805;Azul;105;
57;CN;71416;E;;0;;4.03385;1.18137;0.1079;Azul;105;
58;CN;70241;E;;0;;1.56114;0.19007;0.19499;Azul;105;
59;CN;73216;E;;0;;1.42223;1.21187;0.0689;Azul;105;
60;CN;70821;E;;0;;0.73094;-0.48359;0.11969;Azul;105;
61;CN;59240;C;;0;;2.33304;0.59123;0.14406;Azul;105;
62;CN;72750;A;;0;;2.605;0.97272;0.20495;Azul;105;
63;CN;72640;A;;0;;2.411;0.55162;0.22029;Azul;105;
64;CN;70026;D;;0;;3.10406;0.77717;0.21407;Azul;105;
65;CN;73435;C;;0;;2.62403;2.03268;0.12354;Azul;105;
66;CN;71340;A;;0;;2.56456;1.20836;0.12999;Azul;105;
67;CN;70065;E;;0;;1.33085;2.0513;0.13767;Azul;105;
68;CN;72355;A;;0;;2.12789;1.2609;0.23575;Azul;105;
69;CN;70682;A;;0;;3.04858;1.02137;0.17724;Azul;105;
70;CN;59339;C;;0;;1.59361;3.24412;0.17375;Azul;105;
71;CN;72150;E;;0;;5.15601;1.37893;0.26726;Azul;105;
72;CN;70920;A;;0;;1.6109;0.45919;0.1325;Azul;105;
73;CN;71535;D;;0;;1.80898;1.83094;0.22357;Azul;105;
74;CN;72210;A;;0;;3.8294;1.00712;0.2889;Azul;105;
75;CN;70056;D;;0;;3.04354;1.32827;0.18864;Azul;105;
76;CN;57954;D;;0;;2.07458;0.95248;0.1601;Azul;105;
77;CN;70764;C;;0;;3.01303;1.23158;0.23135;Azul;105;
78;CN;70932;A;;0;;0.93299;1.37958;0.09592;Azul;105;
79;CN;70063;D;;0;;1.63311;1.24731;0.08112;Azul;105;
80;CN;70635;B;;0;;3.03544;1.36678;0.23054;Azul;105;
81;CN;72805;E;;0;;4.7167;1.26721;0.13762;Azul;105;
82;CN;59262;D;;0;;2.16688;1.38546;0.15788;Azul;105;
83;CN;73623;D;;0;;4.72653;1.41272;0.21047;Azul;105;
84;CN;70768;B;;0;;2.57595;1.15791;0.20292;Azul;105;
85;CN;70872;B;;0;;1.86619;1.66789;0.22513;Azul;105;
86;CN;73456;E;;0;;2.55085;0.94497;0.08097;Azul;105;
87;CN;70392;A;;0;;3.28794;1.17731;0.16356;Azul;105;
88;CN;70796;E;;0;;2.49459;-0.15033;0.1294;Azul;105;
89;CN;71533;A;;0;;1.60117;0.97924;0.08877;Azul;105;
90;CN;71280;E;;0;;2.29699;1.53464;0.15217;Azul;105;
46;CN;71880;C;;0;;1.29595;-0.37938;0.17234;Amarelo;106;
47;CN;70672;D;;0;;2.37778;0.11977;0.08141;Amarelo;106;
48;CN;72363;B;;0;;1.9641;0.51589;0.15326;Amarelo;106;
49;CN;57885;C;;0;;0.9646;-0.49677;0.19177;Amarelo;106;
50;CN;58448;A;;0;;3.21576;0.54453;0.16566;Amarelo;106;
51;CN;70435;C;;0;;3.00827;1.23326;0.17886;Amarelo;106;
52;CN;70613;A;;0;;2.29529;-0.04933;0.14538;Amarelo;106;
53;CN;72694;D;;0;;2.11018;0.43621;0.21968;Amarelo;106;
54;CN;72666;D;;0;;5.15088;1.47722;0.12156;Amarelo;106;
55;CN;73709;C;;0;;1.47638;1.6818;0.19514;Amarelo;106;
56;CN;70821;E;;0;;0.73094;-0.48359;0.11969;Amarelo;106;
57;CN;70965;C;;0;;4.27762;0.42898;0.20805;Amarelo;106;
58;CN;70241;E;;0;;1.56114;0.19007;0.19499;Amarelo;106;
59;CN;71416;E;;0;;4.03385;1.18137;0.1079;Amarelo;106;
60;CN;73216;E;;0;;1.42223;1.21187;0.0689;Amarelo;106;
61;CN;59240;C;;0;;2.33304;0.59123;0.14406;Amarelo;106;
62;CN;71340;A;;0;;2.56456;1.20836;0.12999;Amarelo;106;
63;CN;72750;A;;0;;2.605;0.97272;0.20495;Amarelo;106;
64;CN;70026;D;;0;;3.10406;0.77717;0.21407;Amarelo;106;
65;CN;72640;A;;0;;2.411;0.55162;0.22029;Amarelo;106;
66;CN;73435;C;;0;;2.62403;2.03268;0.12354;Amarelo;106;
67;CN;70065;E;;0;;1.33085;2.0513;0.13767;Amarelo;106;
68;CN;70920;A;;0;;1.6109;0.45919;0.1325;Amarelo;106;
69;CN;72355;A;;0;;2.12789;1.2609;0.23575;Amarelo;106;
70;CN;59339;C;;0;;1.59361;3.24412;0.17375;Amarelo;106;
71;CN;70682;A;;0;;3.04858;1.02137;0.17724;Amarelo;106;
72;CN;72150;E;;0;;5.15601;1.37893;0.26726;Amarelo;106;
73;CN;70764;C;;0;;3.01303;1.23158;0.23135;Amarelo;106;
74;CN;71535;D;;0;;1.80898;1.83094;0.22357;Amarelo;106;
75;CN;72210;A;;0;;3.8294;1.00712;0.2889;Amarelo;106;
76;CN;57954;D;;0;;2.07458;0.95248;0.1601;Amarelo;106;
77;CN;70056;D;;0;;3.04354;1.32827;0.18864;Amarelo;106;
78;CN;73623;D;;0;;4.72653;1.41272;0.21047;Amarelo;106;
79;CN;70063;D;;0;;1.63311;1.24731;0.08112;Amarelo;106;
80;CN;70932;A;;0;;0.93299;1.37958;0.09592;Amarelo;106;
81;CN;70635;B;;0;;3.03544;1.36678;0.23054;Amarelo;106;
82;CN;59262;D;;0;;2.16688;1.38546;0.15788;Amarelo;106;
83;CN;72805;E;;0;;4.7167;1.26721;0.13762;Amarelo;106;
84;CN;73456;E;;0;;2.55085;0.94497;0.08097;Amarelo;106;
85;CN;70872;B;;0;;1.86619;1.66789;0.22513;Amarelo;106;
86;CN;70768;B;;0;;2.57595;1.15791;0.20292;Amarelo;106;
87;CN;71533;A;;0;;1.60117;0.97924;0.08877;Amarelo;106;
88;CN;70796;E;;0;;2.49459;-0.15033;0.1294;Amarelo;106;
89;CN;71280;E;;0;;2.29699;1.53464;0.15217;Amarelo;106;
90;CN;70392;A;;0;;3.28794;1.17731;0.16356;Amarelo;106;
46;CN;58448;A;;0;;3.21576;0.54453;0.16566;Branco;107;
47;CN;71880;C;;0;;1.29595;-0.37938;0.17234;Branco;107;
48;CN;70672;D;;0;;2.37778;0.11977;0.08141;Branco;107;
49;CN;57885;C;;0;;0.9646;-0.49677;0.19177;Branco;107;
50;CN;72363;B;;0;;1.9641;0.51589;0.15326;Branco;107;
51;CN;73709;C;;0;;1.47638;1.6818;0.19514;Branco;107;
52;CN;70613;A;;0;;2.29529;-0.04933;0.14538;Branco;107;
53;CN;70435;C;;0;;3.00827;1.23326;0.17886;Branco;107;
54;CN;72694;D;;0;;2.11018;0.43621;0.21968;Branco;107;
55;CN;72666;D;;0;;5.15088;1.47722;0.12156;Branco;107;
56;CN;73216;E;;0;;1.42223;1.21187;0.0689;Branco;107;
57;CN;70821;E;;0;;0.73094;-0.48359;0.11969;Branco;107;
58;CN;70241;E;;0;;1.56114;0.19007;0.19499;Branco;107;
59;CN;70965;C;;0;;4.27762;0.42898;0.20805;Branco;107;
60;CN;71416;E;;0;;4.03385;1.18137;0.1079;Branco;107;
61;CN;59240;C;;0;;2.33304;0.59123;0.14406;Branco;107;
62;CN;73435;C;;0;;2.62403;2.03268;0.12354;Branco;107;
63;CN;71340;A;;0;;2.56456;1.20836;0.12999;Branco;107;
64;CN;70026;D;;0;;3.10406;0.77717;0.21407;Branco;107;
65;CN;72750;A;;0;;2.605;0.97272;0.20495;Branco;107;
66;CN;72640;A;;0;;2.411;0.55162;0.22029;Branco;107;
67;CN;70065;E;;0;;1.33085;2.0513;0.13767;Branco;107;
68;CN;72150;E;;0;;5.15601;1.37893;0.26726;Branco;107;
69;CN;70920;A;;0;;1.6109;0.45919;0.1325;Branco;107;
70;CN;59339;C;;0;;1.59361;3.24412;0.17375;Branco;107;
71;CN;72355;A;;0;;2.12789;1.2609;0.23575;Branco;107;
72;CN;70682;A;;0;;3.04858;1.02137;0.17724;Branco;107;
73;CN;70056;D;;0;;3.04354;1.32827;0.18864;Branco;107;
74;CN;70764;C;;0;;3.01303;1.23158;0.23135;Branco;107;
75;CN;71535;D;;0;;1.80898;1.83094;0.22357;Branco;107;
76;CN;57954;D;;0;;2.07458;0.95248;0.1601;Branco;107;
77;CN;72210;A;;0;;3.8294;1.00712;0.2889;Branco;107;
78;CN;72805;E;;0;;4.7167;1.26721;0.13762;Branco;107;
79;CN;70063;D;;0;;1.63311;1.24731;0.08112;Branco;107;
80;CN;73623;D;;0;;4.72653;1.41272;0.21047;Branco;107;
81;CN;70932;A;;0;;0.93299;1.37958;0.09592;Branco;107;
82;CN;59262;D;;0;;2.16688;1.38546;0.15788;Branco;107;
83;CN;70635;B;;0;;3.03544;1.36678;0.23054;Branco;107;
84;CN;71280;E;;0;;2.29699;1.53464;0.15217;Branco;107;
85;CN;70872;B;;0;;1.86619;1.66789;0.22513;Branco;107;
86;CN;71533;A;;0;;1.60117;0.97924;0.08877;Branco;107;
87;CN;70768;B;;0;;2.57595;1.15791;0.20292;Branco;107;
88;CN;70796;E;;0;;2.49459;-0.15033;0.1294;Branco;107;
89;CN;70392;A;;0;;3.28794;1.17731;0.16356;Branco;107;
90;CN;73456;E;;0;;2.55085;0.94497;0.08097;Branco;107;
46;CN;72363;B;;0;;1.9641;0.51589;0.15326;Rosa;108;
47;CN;58448;A;;0;;3.21576;0.54453;0.16566;Rosa;108;
48;CN;71880;C;;0;;1.29595;-0.37938;0.17234;Rosa;108;
49;CN;57885;C;;0;;0.9646;-0.49677;0.19177;Rosa;108;
50;CN;70672;D;;0;;2.37778;0.11977;0.08141;Rosa;108;
51;CN;72666;D;;0;;5.15088;1.47722;0.12156;Rosa;108;
52;CN;70613;A;;0;;2.29529;-0.04933;0.14538;Rosa;108;
53;CN;73709;C;;0;;1.47638;1.6818;0.19514;Rosa;108;
54;CN;70435;C;;0;;3.00827;1.23326;0.17886;Rosa;108;
55;CN;72694;D;;0;;2.11018;0.43621;0.21968;Rosa;108;
56;CN;70965;C;;0;;4.27762;0.42898;0.20805;Rosa;108;
57;CN;71416;E;;0;;4.03385;1.18137;0.1079;Rosa;108;
58;CN;70241;E;;0;;1.56114;0.19007;0.19499;Rosa;108;
59;CN;73216;E;;0;;1.42223;1.21187;0.0689;Rosa;108;
60;CN;70821;E;;0;;0.73094;-0.48359;0.11969;Rosa;108;
61;CN;59240;C;;0;;2.33304;0.59123;0.14406;Rosa;108;
62;CN;72640;A;;0;;2.411;0.55162;0.22029;Rosa;108;
63;CN;73435;C;;0;;2.62403;2.03268;0.12354;Rosa;108;
64;CN;70026;D;;0;;3.10406;0.77717;0.21407;Rosa;108;
65;CN;71340;A;;0;;2.56456;1.20836;0.12999;Rosa;108;
66;CN;72750;A;;0;;2.605;0.97272;0.20495;Rosa;108;
67;CN;70065;E;;0;;1.33085;2.0513;0.13767;Rosa;108;
68;CN;70682;A;;0;;3.04858;1.02137;0.17724;Rosa;108;
69;CN;72150;E;;0;;5.15601;1.37893;0.26726;Rosa;108;
70;CN;59339;C;;0;;1.59361;3.24412;0.17375;Rosa;108;
71;CN;70920;A;;0;;1.6109;0.45919;0.1325;Rosa;108;
72;CN;72355;A;;0;;2.12789;1.2609;0.23575;Rosa;108;
73;CN;72210;A;;0;;3.8294;1.00712;0.2889;Rosa;108;
74;CN;70056;D;;0;;3.04354;1.32827;0.18864;Rosa;108;
75;CN;70764;C;;0;;3.01303;1.23158;0.23135;Rosa;108;
76;CN;57954;D;;0;;2.07458;0.95248;0.1601;Rosa;108;
77;CN;71535;D;;0;;1.80898;1.83094;0.22357;Rosa;108;
78;CN;70635;B;;0;;3.03544;1.36678;0.23054;Rosa;108;
79;CN;70063;D;;0;;1.63311;1.24731;0.08112;Rosa;108;
80;CN;72805;E;;0;;4.7167;1.26721;0.13762;Rosa;108;
81;CN;73623;D;;0;;4.72653;1.41272;0.21047;Rosa;108;
82;CN;59262;D;;0;;2.16688;1.38546;0.15788;Rosa;108;
83;CN;70932;A;;0;;0.93299;1.37958;0.09592;Rosa;108;
84;CN;73456;E;;0;;2.55085;0.94497;0.08097;Rosa;108;
85;CN;70872;B;;0;;1.86619;1.66789;0.22513;Rosa;108;
86;CN;70392;A;;0;;3.28794;1.17731;0.16356;Rosa;108;
87;CN;71533;A;;0;;1.60117;0.97924;0.08877;Rosa;108;
88;CN;70796;E;;0;;2.49459;-0.15033;0.1294;Rosa;108;
89;CN;70768;B;;0;;2.57595;1.15791;0.20292;Rosa;108;
90;CN;71280;E;;0;;2.29699;1.53464;0.15217;Rosa;108;
96;LC;70599;C;26;0;;3.07604;0.22901;0.21088;Amarelo;93;
97;LC;59081;E;19;0;;2.34558;-0.20813;0.26627;Amarelo;93;
98;LC;70521;E;3;0;;2.32533;0.57399;0.40145;Amarelo;93;
99;LC;70889;C;25;0;;1.50039;1.76787;0.08249;Amarelo;93;
100;LC;70154;A;19;0;;2.58737;0.00549;0.13956;Amarelo;93;
101;LC;71170;E;4;0;;1.39392;0.34729;0.07385;Amarelo;93;
102;LC;71721;C;12;0;;1.89315;-0.21956;0.13498;Amarelo;93;
103;LC;59698;D;23;0;;1.56852;0.67627;0.12512;Amarelo;93;
104;LC;71067;E;24;0;;1.44601;2.1107;0.07648;Amarelo;93;
105;LC;70005;C;10;0;;2.49467;-0.5592;0.14679;Amarelo;93;
106;LC;72844;D;9;0;;0.7748;0.69586;0.00376;Amarelo;93;
107;LC;72721;B;26;0;;2.62899;0.36762;0.20571;Amarelo;93;
108;LC;71716;D;13;0;;1.23305;2.04125;0.06718;Amarelo;93;
109;LC;71258;A;29;0;;1.4338;-0.80441;0.00635;Amarelo;93;
110;LC;70559;B;28;0;;2.25801;0.77876;0.13932;Amarelo;93;
111;LC;72952;C;1;0;;2.89166;0.31137;0.14389;Amarelo;93;
112;LC;59650;C;3;0;;2.48112;0.41902;0.18058;Amarelo;93;
113;LC;59675;E;3;0;;1.63969;0.69153;0.16411;Amarelo;93;
114;LC;72500;B;4;1;Não permitiu a convergência do algoritmo de estimação da TRI;;;;Amarelo;93;
115;LC;59622;B;20;0;;1.5974;0.75175;0.16123;Amarelo;93;
116;LC;71656;E;18;0;;1.58996;1.20586;0.12832;Amarelo;93;
117;LC;70935;A;30;0;;2.17112;-0.30541;0.07245;Amarelo;93;
118;LC;73820;D;17;0;;1.91745;1.49628;0.17249;Amarelo;93;
119;LC;73715;B;16;1;Não permitiu a convergência do algoritmo de estimação da TRI;;;;Amarelo;93;
120;LC;71820;A;11;0;;0.78958;-0.2446;0.05225;Amarelo;93;
121;LC;59612;C;22;0;;1.99469;0.97618;0.20987;Amarelo;93;
122;LC;71400;D;21;0;;1.88969;-0.46003;0.17616;Amarelo;93;
123;LC;72290;B;14;0;;2.49321;0.59202;0.1915;Amarelo;93;
124;LC;59668;C;23;0;;1.36726;1.00596;0.15489;Amarelo;93;
125;LC;70799;E;24;0;;2.41446;0.06013;0.11401;Amarelo;93;
126;LC;73893;D;23;0;;2.57349;0.66788;0.2627;Amarelo;93;
127;LC;71384;D;27;0;;3.18378;0.18139;0.13769;Amarelo;93;
128;LC;71357;D;15;0;;1.94354;0.92331;0.16333;Amarelo;93;
129;LC;73648;A;17;1;Não permitiu a convergência do algoritmo de estimação da TRI;;;;Amarelo;93;
130;LC;59128;D;18;0;;2.62868;1.15324;0.15033;Amarelo;93;
131;LC;73591;B;2;0;;2.81992;-0.44177;0.20887;Amarelo;93;
132;LC;72522;A;13;0;;2.11371;0.50015;0.24302;Amarelo;93;
133;LC;73344;A;30;0;;0.99788;1.31359;0.09659;Amarelo;93;
134;LC;73727;D;15;0;;2.78488;0.98614;0.16763;Amarelo;93;
135;LC;71475;A;29;0;;2.84547;1.53135;0.19366;Amarelo;93;
91;LC;73572;A;5;0;;4.56819;0.76486;0.42491;Amarelo;93;0
92;LC;73600;D;8;0;;2.38795;1.03771;0.14402;Amarelo;93;0
93;LC;73598;E;6;0;;1.97907;0.98451;0.13471;Amarelo;93;0
94;LC;73669;C;6;0;;3.40621;0.63468;0.1305;Amarelo;93;0
95;LC;73770;D;7;0;;3.1426;0.80101;0.24898;Amarelo;93;0
91;LC;71466;D;7;0;;0.72792;2.60869;0.15949;Amarelo;93;1
92;LC;71445;D;6;0;;0.89881;1.31055;0.05298;Amarelo;93;1
93;LC;59663;E;8;0;;1.98758;-0.7191;0.09777;Amarelo;93;1
94;LC;72892;A;7;0;;1.59069;-0.46692;0.23159;Amarelo;93;1
95;LC;70994;D;5;0;;1.35609;2.07504;0.14123;Amarelo;93;1
96;LC;70599;C;26;0;;3.07604;0.22901;0.21088;Cinza;94;
97;LC;59081;E;19;0;;2.34558;-0.20813;0.26627;Cinza;94;
98;LC;70889;C;25;0;;1.50039;1.76787;0.08249;Cinza;94;
99;LC;70521;E;3;0;;2.32533;0.57399;0.40145;Cinza;94;
100;LC;71170;E;4;0;;1.39392;0.34729;0.07385;Cinza;94;
101;LC;70154;A;19;0;;2.58737;0.00549;0.13956;Cinza;94;
102;LC;71721;C;12;0;;1.89315;-0.21956;0.13498;Cinza;94;
103;LC;59698;D;23;0;;1.56852;0.67627;0.12512;Cinza;94;
104;LC;71067;E;24;0;;1.44601;2.1107;0.07648;Cinza;94;
105;LC;70005;C;10;0;;2.49467;-0.5592;0.14679;Cinza;94;
106;LC;72844;D;9;0;;0.7748;0.69586;0.00376;Cinza;94;
107;LC;72721;B;26;0;;2.62899;0.36762;0.20571;Cinza;94;
108;LC;71716;D;13;0;;1.23305;2.04125;0.06718;Cinza;94;
109;LC;71258;A;29;0;;1.4338;-0.80441;0.00635;Cinza;94;
110;LC;70559;B;28;0;;2.25801;0.77876;0.13932;Cinza;94;
111;LC;72952;C;1;0;;2.89166;0.31137;0.14389;Cinza;94;
112;LC;59650;C;3;0;;2.48112;0.41902;0.18058;Cinza;94;
113;LC;72500;B;4;1;Não permitiu a convergência do algoritmo de estimação da TRI;;;;Cinza;94;
114;LC;59675;E;3;0;;1.63969;0.69153;0.16411;Cinza;94;
115;LC;59622;B;20;0;;1.5974;0.75175;0.16123;Cinza;94;
116;LC;71656;E;18;0;;1.58996;1.20586;0.12832;Cinza;94;
117;LC;73820;D;17;0;;1.91745;1.49628;0.17249;Cinza;94;
118;LC;70935;A;30;0;;2.17112;-0.30541;0.07245;Cinza;94;
119;LC;73715;B;16;1;Não permitiu a convergência do algoritmo de estimação da TRI;;;;Cinza;94;
120;LC;71820;A;11;0;;0.78958;-0.2446;0.05225;Cinza;94;
121;LC;59612;C;22;0;;1.99469;0.97618;0.20987;Cinza;94;
122;LC;71400;D;21;0;;1.88969;-0.46003;0.17616;Cinza;94;
123;LC;72290;B;14;0;;2.49321;0.59202;0.1915;Cinza;94;
124;LC;59668;C;23;0;;1.36726;1.00596;0.15489;Cinza;94;
125;LC;70799;E;24;0;;2.41446;0.06013;0.11401;Cinza;94;
126;LC;73893;D;23;0;;2.57349;0.66788;0.2627;Cinza;94;
127;LC;71384;D;27;0;;3.18378;0.18139;0.13769;Cinza;94;
128;LC;73648;A;17;1;Não permitiu a convergência do algoritmo de estimação da TRI;;;;Cinza;94;
129;LC;71357;D;15;0;;1.94354;0.92331;0.16333;Cinza;94;
130;LC;59128;D;18;0;;2.62868;1.15324;0.15033;Cinza;94;
131;LC;73591;B;2;0;;2.81992;-0.44177;0.20887;Cinza;94;
132;LC;72522;A;13;0;;2.11371;0.50015;0.24302;Cinza;94;
133;LC;73344;A;30;0;;0.99788;1.31359;0.09659;Cinza;94;
134;LC;71475;A;29;0;;2.84547;1.53135;0.19366;Cinza;94;
135;LC;73727;D;15;0;;2.78488;0.98614;0.16763;Cinza;94;
91;LC;73600;D;8;0;;2.38795;1.03771;0.14402;Cinza;94;0
92;LC;73572;A;5;0;;4.56819;0.76486;0.42491;Cinza;94;0
93;LC;73598;E;6;0;;1.97907;0.98451;0.13471;Cinza;94;0
94;LC;73770;D;7;0;;3.1426;0.80101;0.24898;Cinza;94;0
95;LC;73669;C;6;0;;3.40621;0.63468;0.1305;Cinza;94;0
91;LC;71445;D;6;0;;0.89881;1.31055;0.05298;Cinza;94;1
92;LC;71466;D;7;0;;0.72792;2.60869;0.15949;Cinza;94;1
93;LC;59663;E;8;0;;1.98758;-0.7191;0.09777;Cinza;94;1
94;LC;72892;A;7;0;;1.59069;-0.46692;0.23159;Cinza;94;1
95;LC;70994;D;5;0;;1.35609;2.07504;0.14123;Cinza;94;1
96;LC;70599;C;26;0;;3.07604;0.22901;0.21088;Azul;95;
97;LC;59081;E;19;0;;2.34558;-0.20813;0.26627;Azul;95;
98;LC;70521;E;3;0;;2.32533;0.57399;0.40145;Azul;95;
99;LC;70889;C;25;0;;1.50039;1.76787;0.08249;Azul;95;
100;LC;71721;C;12;0;;1.89315;-0.21956;0.13498;Azul;95;
101;LC;70154;A;19;0;;2.58737;0.00549;0.13956;Azul;95;
102;LC;71170;E;4;0;;1.39392;0.34729;0.07385;Azul;95;
103;LC;59698;D;23;0;;1.56852;0.67627;0.12512;Azul;95;
104;LC;71067;E;24;0;;1.44601;2.1107;0.07648;Azul;95;
105;LC;71716;D;13;0;;1.23305;2.04125;0.06718;Azul;95;
106;LC;72844;D;9;0;;0.7748;0.69586;0.00376;Azul;95;
107;LC;72721;B;26;0;;2.62899;0.36762;0.20571;Azul;95;
108;LC;70559;B;28;0;;2.25801;0.77876;0.13932;Azul;95;
109;LC;71258;A;29;0;;1.4338;-0.80441;0.00635;Azul;95;
110;LC;70005;C;10;0;;2.49467;-0.5592;0.14679;Azul;95;
111;LC;72952;C;1;0;;2.89166;0.31137;0.14389;Azul;95;
112;LC;59650;C;3;0;;2.48112;0.41902;0.18058;Azul;95;
113;LC;71656;E;18;0;;1.58996;1.20586;0.12832;Azul;95;
114;LC;72500;B;4;1;Não permitiu a convergência do algoritmo de estimação da TRI;;;;Azul;95;
115;LC;59622;B;20;0;;1.5974;0.75175;0.16123;Azul;95;
116;LC;59675;E;3;0;;1.63969;0.69153;0.16411;Azul;95;
117;LC;73715;B;16;1;Não permitiu a convergência do algoritmo de estimação da TRI;;;;Azul;95;
118;LC;73820;D;17;0;;1.91745;1.49628;0.17249;Azul;95;
119;LC;70935;A;30;0;;2.17112;-0.30541;0.07245;Azul;95;
120;LC;71820;A;11;0;;0.78958;-0.2446;0.05225;Azul;95;
121;LC;59612;C;22;0;;1.99469;0.97618;0.20987;Azul;95;
122;LC;71400;D;21;0;;1.88969;-0.46003;0.17616;Azul;95;
123;LC;72290;B;14;0;;2.49321;0.59202;0.1915;Azul;95;
124;LC;59668;C;23;0;;1.36726;1.00596;0.15489;Azul;95;
125;LC;73893;D;23;0;;2.57349;0.66788;0.2627;Azul;95;
126;LC;70799;E;24;0;;2.41446;0.06013;0.11401;Azul;95;
127;LC;71384;D;27;0;;3.18378;0.18139;0.13769;Azul;95;
128;LC;73648;A;17;1;Não permitiu a convergência do algoritmo de estimação da TRI;;;;Azul;95;
129;LC;71357;D;15;0;;1.94354;0.92331;0.16333;Azul;95;
130;LC;59128;D;18;0;;2.62868;1.15324;0.15033;Azul;95;
131;LC;72522;A;13;0;;2.11371;0.50015;0.24302;Azul;95;
132;LC;73591;B;2;0;;2.81992;-0.44177;0.20887;Azul;95;
133;LC;73344;A;30;0;;0.99788;1.31359;0.09659;Azul;95;
134;LC;73727;D;15;0;;2.78488;0.98614;0.16763;Azul;95;
135;LC;71475;A;29;0;;2.84547;1.53135;0.19366;Azul;95;
91;LC;73598;E;6;0;;1.97907;0.98451;0.13471;Azul;95;0
92;LC;73572;A;5;0;;4.56819;0.76486;0.42491;Azul;95;0
93;LC;73600;D;8;0;;2.38795;1.03771;0.14402;Azul;95;0
94;LC;73669;C;6;0;;3.40621;0.63468;0.1305;Azul;95;0
95;LC;73770;D;7;0;;3.1426;0.80101;0.24898;Azul;95;0
91;LC;59663;E;8;0;;1.98758;-0.7191;0.09777;Azul;95;1
92;LC;71466;D;7;0;;0.72792;2.60869;0.15949;Azul;95;1
93;LC;71445;D;6;0;;0.89881;1.31055;0.05298;Azul;95;1
94;LC;70994;D;5;0;;1.35609;2.07504;0.14123;Azul;95;1
95;LC;72892;A;7;0;;1.59069;-0.46692;0.23159;Azul;95;1
96;LC;70599;C;26;0;;3.07604;0.22901;0.21088;Rosa;96;
97;LC;59081;E;19;0;;2.34558;-0.20813;0.26627;Rosa;96;
98;LC;70889;C;25;0;;1.50039;1.76787;0.08249;Rosa;96;
99;LC;70521;E;3;0;;2.32533;0.57399;0.40145;Rosa;96;
100;LC;71721;C;12;0;;1.89315;-0.21956;0.13498;Rosa;96;
101;LC;71170;E;4;0;;1.39392;0.34729;0.07385;Rosa;96;
102;LC;70154;A;19;0;;2.58737;0.00549;0.13956;Rosa;96;
103;LC;59698;D;23;0;;1.56852;0.67627;0.12512;Rosa;96;
104;LC;71067;E;24;0;;1.44601;2.1107;0.07648;Rosa;96;
105;LC;71716;D;13;0;;1.23305;2.04125;0.06718;Rosa;96;
106;LC;72844;D;9;0;;0.7748;0.69586;0.00376;Rosa;96;
107;LC;72721;B;26;0;;2.62899;0.36762;0.20571;Rosa;96;
108;LC;70559;B;28;0;;2.25801;0.77876;0.13932;Rosa;96;
109;LC;71258;A;29;0;;1.4338;-0.80441;0.00635;Rosa;96;
110;LC;70005;C;10;0;;2.49467;-0.5592;0.14679;Rosa;96;
111;LC;72952;C;1;0;;2.89166;0.31137;0.14389;Rosa;96;
112;LC;59650;C;3;0;;2.48112;0.41902;0.18058;Rosa;96;
113;LC;72500;B;4;1;Não permitiu a convergência do algoritmo de estimação da TRI;;;;Rosa;96;
114;LC;59675;E;3;0;;1.63969;0.69153;0.16411;Rosa;96;
115;LC;59622;B;20;0;;1.5974;0.75175;0.16123;Rosa;96;
116;LC;71656;E;18;0;;1.58996;1.20586;0.12832;Rosa;96;
117;LC;73715;B;16;1;Não permitiu a convergência do algoritmo de estimação da TRI;;;;Rosa;96;
118;LC;73820;D;17;0;;1.91745;1.49628;0.17249;Rosa;96;
119;LC;70935;A;30;0;;2.17112;-0.30541;0.07245;Rosa;96;
120;LC;71820;A;11;0;;0.78958;-0.2446;0.05225;Rosa;96;
121;LC;59612;C;22;0;;1.99469;0.97618;0.20987;Rosa;96;
122;LC;71400;D;21;0;;1.88969;-0.46003;0.17616;Rosa;96;
123;LC;72290;B;14;0;;2.49321;0.59202;0.1915;Rosa;96;
124;LC;59668;C;23;0;;1.36726;1.00596;0.15489;Rosa;96;
125;LC;73893;D;23;0;;2.57349;0.66788;0.2627;Rosa;96;
126;LC;70799;E;24;0;;2.41446;0.06013;0.11401;Rosa;96;
127;LC;71384;D;27;0;;3.18378;0.18139;0.13769;Rosa;96;
128;LC;71357;D;15;0;;1.94354;0.92331;0.16333;Rosa;96;
129;LC;73648;A;17;1;Não permitiu a convergência do algoritmo de estimação da TRI;;;;Rosa;96;
130;LC;59128;D;18;0;;2.62868;1.15324;0.15033;Rosa;96;
131;LC;72522;A;13;0;;2.11371;0.50015;0.24302;Rosa;96;
132;LC;73591;B;2;0;;2.81992;-0.44177;0.20887;Rosa;96;
133;LC;73344;A;30;0;;0.99788;1.31359;0.09659;Rosa;96;
134;LC;71475;A;29;0;;2.84547;1.53135;0.19366;Rosa;96;
135;LC;73727;D;15;0;;2.78488;0.98614;0.16763;Rosa;96;
91;LC;73598;E;6;0;;1.97907;0.98451;0.13471;Rosa;96;0
92;LC;73600;D;8;0;;2.38795;1.03771;0.14402;Rosa;96;0
93;LC;73572;A;5;0;;4.56819;0.76486;0.42491;Rosa;96;0
94;LC;73770;D;7;0;;3.1426;0.80101;0.24898;Rosa;96;0
95;LC;73669;C;6;0;;3.40621;0.63468;0.1305;Rosa;96;0
91;LC;71466;D;7;0;;0.72792;2.60869;0.15949;Rosa;96;1
92;LC;71445;D;6;0;;0.89881;1.31055;0.05298;Rosa;96;1
93;LC;59663;E;8;0;;1.98758;-0.7191;0.09777;Rosa;96;1
94;LC;70994;D;5;0;;1.35609;2.07504;0.14123;Rosa;96;1
95;LC;72892;A;7;0;;1.59069;-0.46692;0.23159;Rosa;96;1
96;LC;72758;D;;0;;2.36979;-0.23487;0.12324;Amarelo;109;
97;LC;59694;C;;0;;2.23063;-0.80722;0.10099;Amarelo;109;
98;LC;71847;E;;0;;2.22394;-0.82853;0.14865;Amarelo;109;
99;LC;72643;A;;0;;2.80681;0.83426;0.17632;Amarelo;109;
100;LC;70649;A;;0;;2.13859;-0.52625;0.14432;Amarelo;109;
101;LC;70603;B;;0;;2.27004;-0.47045;0.20744;Amarelo;109;
102;LC;70683;A;;0;;1.99507;0.77373;0.18649;Amarelo;109;
103;LC;58215;E;;0;;1.78654;1.10624;0.15634;Amarelo;109;
104;LC;70685;C;;0;;2.75325;-0.28851;0.14891;Amarelo;109;
105;LC;71370;B;;0;;2.41688;-0.2503;0.19777;Amarelo;109;
106;LC;71075;B;;0;;1.50134;0.38389;0.21672;Amarelo;109;
107;LC;73784;D;;0;;2.1335;-0.44754;0.04061;Amarelo;109;
108;LC;72874;E;;0;;1.53089;-0.92559;0.04326;Amarelo;109;
109;LC;70365;C;;0;;2.47548;-0.00188;0.11458;Amarelo;109;
110;LC;71144;D;;0;;2.71772;0.77201;0.16928;Amarelo;109;
111;LC;71373;B;;0;;4.04976;0.28466;0.18774;Amarelo;109;
112;LC;71284;B;;0;;1.46865;0.19705;0.14557;Amarelo;109;
113;LC;71299;A;;0;;1.67614;0.14507;0.12372;Amarelo;109;
114;LC;70783;C;;0;;1.41885;-0.69407;0.10456;Amarelo;109;
115;LC;72761;B;;0;;0.93253;0.13765;0.08468;Amarelo;109;
116;LC;73849;E;;0;;2.04192;-0.21952;0.09268;Amarelo;109;
117;LC;71398;C;;0;;5.20052;0.55686;0.18469;Amarelo;109;
118;LC;70221;B;;1;Não permitiu a convergência do algoritmo de estimação da TRI;;;;Amarelo;109;
119;LC;72902;C;;0;;3.11204;-0.1387;0.21765;Amarelo;109;
120;LC;73567;C;;0;;2.20112;1.34806;0.20607;Amarelo;109;
121;LC;72141;C;;0;;2.67059;0.15206;0.14145;Amarelo;109;
122;LC;72925;A;;0;;0.70866;2.17568;0.16707;Amarelo;109;
123;LC;72653;C;;1;Não permitiu a convergência do algoritmo de estimação da TRI;;;;Amarelo;109;
124;LC;70337;E;;0;;1.26918;-0.20006;0.03988;Amarelo;109;
125;LC;72779;C;;0;;1.64397;-0.29793;0.17922;Amarelo;109;
126;LC;71167;A;;0;;2.60561;-0.44951;0.16161;Amarelo;109;
127;LC;73658;C;;0;;2.18406;0.53311;0.20798;Amarelo;109;
128;LC;72200;E;;0;;2.14594;-0.01893;0.1087;Amarelo;109;
129;LC;70939;D;;0;;3.25598;-0.27773;0.15849;Amarelo;109;
130;LC;58181;D;;0;;2.24905;0.39993;0.13867;Amarelo;109;
131;LC;70374;A;;0;;2.84183;-0.40844;0.15505;Amarelo;109;
132;LC;71410;B;;0;;0.91219;1.47625;0.1785;Amarelo;109;
133;LC;70107;A;;0;;1.35305;0.19307;0.1765;Amarelo;109;
134;LC;71540;E;;0;;2.99962;0.08314;0.18542;Amarelo;109;
135;LC;72524;E;;0;;1.9598;-0.19815;0.1319;Amarelo;109;
91;LC;73147;A;;0;;1.23805;-0.82101;0.10764;Amarelo;109;0
92;LC;73505;B;;0;;2.08278;-0.65094;0.19234;Amarelo;109;0
93;LC;73500;B;;0;;1.34168;-0.72074;0.17132;Amarelo;109;0
94;LC;73619;C;;0;;1.04309;0.06731;0.06311;Amarelo;109;0
95;LC;73750;B;;0;;2.39987;-0.01608;0.16573;Amarelo;109;0
91;LC;70776;D;;0;;3.3733;0.24511;0.1592;Amarelo;109;1
92;LC;59100;D;;0;;1.65128;1.07938;0.21616;Amarelo;109;1
93;LC;71358;C;;0;;2.67333;-0.12946;0.1239;Amarelo;109;1
94;LC;71128;D;;0;;2.27219;0.34569;0.07651;Amarelo;109;1
95;LC;70657;E;;0;;2.93496;-0.15438;0.13419;Amarelo;109;1
96;LC;71847;E;;0;;2.22394;-0.82853;0.14865;Cinza;110;
97;LC;59694;C;;0;;2.23063;-0.80722;0.10099;Cinza;110;
98;LC;72758;D;;0;;2.36979;-0.23487;0.12324;Cinza;110;
99;LC;72643;A;;0;;2.80681;0.83426;0.17632;Cinza;110;
100;LC;70603;B;;0;;2.27004;-0.47045;0.20744;Cinza;110;
101;LC;70649;A;;0;;2.13859;-0.52625;0.14432;Cinza;110;
102;LC;70685;C;;0;;2.75325;-0.28851;0.14891;Cinza;110;
103;LC;58215;E;;0;;1.78654;1.10624;0.15634;Cinza;110;
104;LC;70683;A;;0;;1.99507;0.77373;0.18649;Cinza;110;
105;LC;73784;D;;0;;2.1335;-0.44754;0.04061;Cinza;110;
106;LC;71075;B;;0;;1.50134;0.38389;0.21672;Cinza;110;
107;LC;71370;B;;0;;2.41688;-0.2503;0.19777;Cinza;110;
108;LC;70783;C;;0;;1.41885;-0.69407;0.10456;Cinza;110;
109;LC;70365;C;;0;;2.47548;-0.00188;0.11458;Cinza;110;
110;LC;71373;B;;0;;4.04976;0.28466;0.18774;Cinza;110;
111;LC;71144;D;;0;;2.71772;0.77201;0.16928;Cinza;110;
112;LC;71284;B;;0;;1.46865;0.19705;0.14557;Cinza;110;
113;LC;71299;A;;0;;1.67614;0.14507;0.12372;Cinza;110;
114;LC;72874;E;;0;;1.53089;-0.92559;0.04326;Cinza;110;
115;LC;72761;B;;0;;0.93253;0.13765;0.08468;Cinza;110;
116;LC;71398;C;;0;;5.20052;0.55686;0.18469;Cinza;110;
117;LC;70221;B;;1;Não permitiu a convergência do algoritmo de estimação da TRI;;;;Cinza;110;
118;LC;73849;E;;0;;2.04192;-0.21952;0.09268;Cinza;110;
119;LC;73567;C;;0;;2.20112;1.34806;0.20607;Cinza;110;
120;LC;72902;C;;0;;3.11204;-0.1387;0.21765;Cinza;110;
121;LC;72141;C;;0;;2.67059;0.15206;0.14145;Cinza;110;
122;LC;72779;C;;0;;1.64397;-0.29793;0.17922;Cinza;110;
123;LC;71167;A;;0;;2.60561;-0.44951;0.16161;Cinza;110;
124;LC;70337;E;;0;;1.26918;-0.20006;0.03988;Cinza;110;
125;LC;72925;A;;0;;0.70866;2.17568;0.16707;Cinza;110;
126;LC;72653;C;;1;Não permitiu a convergência do algoritmo de estimação da TRI;;;;Cinza;110;
127;LC;73658;C;;0;;2.18406;0.53311;0.20798;Cinza;110;
128;LC;70374;A;;0;;2.84183;-0.40844;0.15505;Cinza;110;
129;LC;71410;B;;0;;0.91219;1.47625;0.1785;Cinza;110;
130;LC;58181;D;;0;;2.24905;0.39993;0.13867;Cinza;110;
131;LC;72200;E;;0;;2.14594;-0.01893;0.1087;Cinza;110;
132;LC;70939;D;;0;;3.25598;-0.27773;0.15849;Cinza;110;
133;LC;70107;A;;0;;1.35305;0.19307;0.1765;Cinza;110;
134;LC;72524;E;;0;;1.9598;-0.19815;0.1319;Cinza;110;
135;LC;71540;E;;0;;2.99962;0.08314;0.18542;Cinza;110;
91;LC;73505;B;;0;;2.08278;-0.65094;0.19234;Cinza;110;0
92;LC;73147;A;;0;;1.23805;-0.82101;0.10764;Cinza;110;0
93;LC;73750;B;;0;;2.39987;-0.01608;0.16573;Cinza;110;0
94;LC;73619;C;;0;;1.04309;0.06731;0.06311;Cinza;110;0
95;LC;73500;B;;0;;1.34168;-0.72074;0.17132;Cinza;110;0
91;LC;59100;D;;0;;1.65128;1.07938;0.21616;Cinza;110;1
92;LC;70776;D;;0;;3.3733;0.24511;0.1592;Cinza;110;1
93;LC;70657;E;;0;;2.93496;-0.15438;0.13419;Cinza;110;1
94;LC;71128;D;;0;;2.27219;0.34569;0.07651;Cinza;110;1
95;LC;71358;C;;0;;2.67333;-0.12946;0.1239;Cinza;110;1
96;LC;71847;E;;0;;2.22394;-0.82853;0.14865;Azul;111;
97;LC;59694;C;;0;;2.23063;-0.80722;0.10099;Azul;111;
98;LC;72643;A;;0;;2.80681;0.83426;0.17632;Azul;111;
99;LC;72758;D;;0;;2.36979;-0.23487;0.12324;Azul;111;
100;LC;70683;A;;0;;1.99507;0.77373;0.18649;Azul;111;
101;LC;70603;B;;0;;2.27004;-0.47045;0.20744;Azul;111;
102;LC;70649;A;;0;;2.13859;-0.52625;0.14432;Azul;111;
103;LC;58215;E;;0;;1.78654;1.10624;0.15634;Azul;111;
104;LC;70685;C;;0;;2.75325;-0.28851;0.14891;Azul;111;
105;LC;73784;D;;0;;2.1335;-0.44754;0.04061;Azul;111;
106;LC;71075;B;;0;;1.50134;0.38389;0.21672;Azul;111;
107;LC;71370;B;;0;;2.41688;-0.2503;0.19777;Azul;111;
108;LC;70783;C;;0;;1.41885;-0.69407;0.10456;Azul;111;
109;LC;70365;C;;0;;2.47548;-0.00188;0.11458;Azul;111;
110;LC;71144;D;;0;;2.71772;0.77201;0.16928;Azul;111;
111;LC;71373;B;;0;;4.04976;0.28466;0.18774;Azul;111;
112;LC;71284;B;;0;;1.46865;0.19705;0.14557;Azul;111;
113;LC;71299;A;;0;;1.67614;0.14507;0.12372;Azul;111;
114;LC;72874;E;;0;;1.53089;-0.92559;0.04326;Azul;111;
115;LC;72761;B;;0;;0.93253;0.13765;0.08468;Azul;111;
116;LC;71398;C;;0;;5.20052;0.55686;0.18469;Azul;111;
117;LC;70221;B;;1;Não permitiu a convergência do algoritmo de estimação da TRI;;;;Azul;111;
118;LC;73849;E;;0;;2.04192;-0.21952;0.09268;Azul;111;
119;LC;73567;C;;0;;2.20112;1.34806;0.20607;Azul;111;
120;LC;72902;C;;0;;3.11204;-0.1387;0.21765;Azul;111;
121;LC;72141;C;;0;;2.67059;0.15206;0.14145;Azul;111;
122;LC;72925;A;;0;;0.70866;2.17568;0.16707;Azul;111;
123;LC;72779;C;;0;;1.64397;-0.29793;0.17922;Azul;111;
124;LC;70337;E;;0;;1.26918;-0.20006;0.03988;Azul;111;
125;LC;72653;C;;1;Não permitiu a convergência do algoritmo de estimação da TRI;;;;Azul;111;
126;LC;71167;A;;0;;2.60561;-0.44951;0.16161;Azul;111;
127;LC;73658;C;;0;;2.18406;0.53311;0.20798;Azul;111;
128;LC;70374;A;;0;;2.84183;-0.40844;0.15505;Azul;111;
129;LC;70939;D;;0;;3.25598;-0.27773;0.15849;Azul;111;
130;LC;58181;D;;0;;2.24905;0.39993;0.13867;Azul;111;
131;LC;72200;E;;0;;2.14594;-0.01893;0.1087;Azul;111;
132;LC;71410;B;;0;;0.91219;1.47625;0.1785;Azul;111;
133;LC;70107;A;;0;;1.35305;0.19307;0.1765;Azul;111;
134;LC;72524;E;;0;;1.9598;-0.19815;0.1319;Azul;111;
135;LC;71540;E;;0;;2.99962;0.08314;0.18542;Azul;111;
91;LC;73505;B;;0;;2.08278;-0.65094;0.19234;Azul;111;0
92;LC;73147;A;;0;;1.23805;-0.82101;0.10764;Azul;111;0
93;LC;73500;B;;0;;1.34168;-0.72074;0.17132;Azul;111;0
94;LC;73619;C;;0;;1.04309;0.06731;0.06311;Azul;111;0
95;LC;73750;B;;0;;2.39987;-0.01608;0.16573;Azul;111;0
91;LC;71358;C;;0;;2.67333;-0.12946;0.1239;Azul;111;1
92;LC;59100;D;;0;;1.65128;1.07938;0.21616;Azul;111;1
93;LC;70776;D;;0;;3.3733;0.24511;0.1592;Azul;111;1
94;LC;71128;D;;0;;2.27219;0.34569;0.07651;Azul;111;1
95;LC;70657;E;;0;;2.93496;-0.15438;0.13419;Azul;111;1
96;LC;72758;D;;0;;2.36979;-0.23487;0.12324;Rosa;112;
97;LC;59694;C;;0;;2.23063;-0.80722;0.10099;Rosa;112;
98;LC;72643;A;;0;;2.80681;0.83426;0.17632;Rosa;112;
99;LC;71847;E;;0;;2.22394;-0.82853;0.14865;Rosa;112;
100;LC;70649;A;;0;;2.13859;-0.52625;0.14432;Rosa;112;
101;LC;70683;A;;0;;1.99507;0.77373;0.18649;Rosa;112;
102;LC;70603;B;;0;;2.27004;-0.47045;0.20744;Rosa;112;
103;LC;58215;E;;0;;1.78654;1.10624;0.15634;Rosa;112;
104;LC;70685;C;;0;;2.75325;-0.28851;0.14891;Rosa;112;
105;LC;71370;B;;0;;2.41688;-0.2503;0.19777;Rosa;112;
106;LC;71075;B;;0;;1.50134;0.38389;0.21672;Rosa;112;
107;LC;73784;D;;0;;2.1335;-0.44754;0.04061;Rosa;112;
108;LC;72874;E;;0;;1.53089;-0.92559;0.04326;Rosa;112;
109;LC;70365;C;;0;;2.47548;-0.00188;0.11458;Rosa;112;
110;LC;71373;B;;0;;4.04976;0.28466;0.18774;Rosa;112;
111;LC;71144;D;;0;;2.71772;0.77201;0.16928;Rosa;112;
112;LC;71284;B;;0;;1.46865;0.19705;0.14557;Rosa;112;
113;LC;71299;A;;0;;1.67614;0.14507;0.12372;Rosa;112;
114;LC;70783;C;;0;;1.41885;-0.69407;0.10456;Rosa;112;
115;LC;72761;B;;0;;0.93253;0.13765;0.08468;Rosa;112;
116;LC;73849;E;;0;;2.04192;-0.21952;0.09268;Rosa;112;
117;LC;71398;C;;0;;5.20052;0.55686;0.18469;Rosa;112;
118;LC;70221;B;;1;Não permitiu a convergência do algoritmo de estimação da TRI;;;;Rosa;112;
119;LC;72902;C;;0;;3.11204;-0.1387;0.21765;Rosa;112;
120;LC;73567;C;;0;;2.20112;1.34806;0.20607;Rosa;112;
121;LC;72141;C;;0;;2.67059;0.15206;0.14145;Rosa;112;
122;LC;72779;C;;0;;1.64397;-0.29793;0.17922;Rosa;112;
123;LC;72653;C;;1;Não permitiu a convergência do algoritmo de estimação da TRI;;;;Rosa;112;
124;LC;70337;E;;0;;1.26918;-0.20006;0.03988;Rosa;112;
125;LC;72925;A;;0;;0.70866;2.17568;0.16707;Rosa;112;
126;LC;71167;A;;0;;2.60561;-0.44951;0.16161;Rosa;112;
127;LC;73658;C;;0;;2.18406;0.53311;0.20798;Rosa;112;
128;LC;72200;E;;0;;2.14594;-0.01893;0.1087;Rosa;112;
129;LC;71410;B;;0;;0.91219;1.47625;0.1785;Rosa;112;
130;LC;58181;D;;0;;2.24905;0.39993;0.13867;Rosa;112;
131;LC;70374;A;;0;;2.84183;-0.40844;0.15505;Rosa;112;
132;LC;70939;D;;0;;3.25598;-0.27773;0.15849;Rosa;112;
133;LC;70107;A;;0;;1.35305;0.19307;0.1765;Rosa;112;
134;LC;71540;E;;0;;2.99962;0.08314;0.18542;Rosa;112;
135;LC;72524;E;;0;;1.9598;-0.19815;0.1319;Rosa;112;
91;LC;73147;A;;0;;1.23805;-0.82101;0.10764;Rosa;112;0
92;LC;73505;B;;0;;2.08278;-0.65094;0.19234;Rosa;112;0
93;LC;73750;B;;0;;2.39987;-0.01608;0.16573;Rosa;112;0
94;LC;73619;C;;0;;1.04309;0.06731;0.06311;Rosa;112;0
95;LC;73500;B;;0;;1.34168;-0.72074;0.17132;Rosa;112;0
91;LC;70657;E;;0;;2.93496;-0.15438;0.13419;Rosa;112;1
92;LC;59100;D;;0;;1.65128;1.07938;0.21616;Rosa;112;1
93;LC;71358;C;;0;;2.67333;-0.12946;0.1239;Rosa;112;1
94;LC;71128;D;;0;;2.27219;0.34569;0.07651;Rosa;112;1
95;LC;70776;D;;0;;3.3733;0.24511;0.1592;Rosa;112;1
136;MT;70114;C;1;0;;1.66379;-0.7156;0.05682;Amarelo;97;
137;MT;72709;E;7;0;;1.69546;0.44683;0.11078;Amarelo;97;
138;MT;70700;E;11;0;;1.96748;1.29609;0.10989;Amarelo;97;
139;MT;70379;B;12;0;;3.66732;1.20902;0.16896;Amarelo;97;
140;MT;72470;C;25;0;;1.50538;2.16024;0.23774;Amarelo;97;
141;MT;73379;D;25;0;;2.38279;0.26521;0.117;Amarelo;97;
142;MT;70373;A;15;0;;2.60718;0.07302;0.20237;Amarelo;97;
143;MT;71544;B;26;0;;1.44638;0.69535;0.12392;Amarelo;97;
144;MT;73385;C;15;0;;2.70301;1.35998;0.30383;Amarelo;97;
145;MT;72145;A;24;0;;2.08521;0.39544;0.16581;Amarelo;97;
146;MT;72301;B;10;0;;3.10858;0.63493;0.20898;Amarelo;97;
147;MT;72759;A;6;0;;1.37237;2.24774;0.21559;Amarelo;97;
148;MT;58800;E;20;0;;1.78917;0.82689;0.14307;Amarelo;97;
149;MT;71434;B;19;0;;2.8951;1.55603;0.20449;Amarelo;97;
150;MT;73134;B;17;0;;2.05536;1.33212;0.17538;Amarelo;97;
151;MT;71872;A;9;0;;3.17802;2.1407;0.24299;Amarelo;97;
152;MT;71662;E;7;0;;1.66404;1.62614;0.10811;Amarelo;97;
153;MT;72824;D;16;0;;1.34722;1.58573;0.27113;Amarelo;97;
154;MT;70008;C;4;0;;1.57654;1.55529;0.22463;Amarelo;97;
155;MT;71426;C;3;0;;2.08443;2.00592;0.15688;Amarelo;97;
156;MT;71083;D;30;0;;0.3656;2.53865;0.00641;Amarelo;97;
157;MT;58653;D;12;0;;2.18535;2.86431;0.17445;Amarelo;97;
158;MT;73417;A;14;0;;2.69234;2.17498;0.17953;Amarelo;97;
159;MT;73301;E;23;0;;2.33279;2.14452;0.10775;Amarelo;97;
160;MT;73405;C;8;0;;2.21981;1.89611;0.20056;Amarelo;97;
161;MT;70491;B;22;1;Não permitiu a convergência do algoritmo de estimação da TRI;;;;Amarelo;97;
162;MT;73313;D;14;0;;1.82066;2.38859;0.20188;Amarelo;97;
163;MT;72725;D;21;0;;2.47031;3.61504;0.17847;Amarelo;97;
164;MT;73408;B;9;0;;1.32835;2.52572;0.20615;Amarelo;97;
165;MT;71233;E;19;1;Não permitiu a convergência do algoritmo de estimação da TRI;;;;Amarelo;97;
166;MT;72078;C;26;0;;0.79069;1.78724;0.10619;Amarelo;97;
167;MT;70310;B;27;0;;0.98638;3.42048;0.17872;Amarelo;97;
168;MT;70710;B;8;0;;1.10586;3.29443;0.29544;Amarelo;97;
169;MT;70124;D;13;0;;0.87645;2.88132;0.17451;Amarelo;97;
170;MT;70325;B;5;0;;1.81075;2.55485;0.21022;Amarelo;97;
171;MT;71154;B;29;0;;1.63996;1.23246;0.17193;Amarelo;97;
172;MT;58659;C;5;0;;1.81823;2.84072;0.1874;Amarelo;97;
173;MT;70041;D;28;0;;2.72784;1.40573;0.12487;Amarelo;97;
174;MT;73123;B;4;0;;4.08151;3.22047;0.27925;Amarelo;97;
175;MT;58699;E;27;0;;1.66283;2.97375;0.12156;Amarelo;97;
176;MT;72775;B;16;0;;1.82152;0.58872;0.21;Amarelo;97;
177;MT;70845;E;18;0;;2.48463;0.94525;0.18166;Amarelo;97;
178;MT;73400;D;2;0;;1.92705;1.28871;0.18926;Amarelo;97;
179;MT;70765;D;8;0;;3.86617;1.45961;0.11213;Amarelo;97;
180;MT;59475;E;24;1;Não permitiu a convergência do algoritmo de estimação da TRI;;;;Amarelo;97;
136;MT;70114;C;1;0;;1.66379;-0.7156;0.05682;Cinza;98;
137;MT;72709;E;7;0;;1.69546;0.44683;0.11078;Cinza;98;
138;MT;70700;E;11;0;;1.96748;1.29609;0.10989;Cinza;98;
139;MT;70379;B;12;0;;3.66732;1.20902;0.16896;Cinza;98;
140;MT;73379;D;25;0;;2.38279;0.26521;0.117;Cinza;98;
141;MT;72470;C;25;0;;1.50538;2.16024;0.23774;Cinza;98;
142;MT;70373;A;15;0;;2.60718;0.07302;0.20237;Cinza;98;
143;MT;73385;C;15;0;;2.70301;1.35998;0.30383;Cinza;98;
144;MT;71544;B;26;0;;1.44638;0.69535;0.12392;Cinza;98;
145;MT;72145;A;24;0;;2.08521;0.39544;0.16581;Cinza;98;
146;MT;72301;B;10;0;;3.10858;0.63493;0.20898;Cinza;98;
147;MT;72759;A;6;0;;1.37237;2.24774;0.21559;Cinza;98;
148;MT;58800;E;20;0;;1.78917;0.82689;0.14307;Cinza;98;
149;MT;71434;B;19;0;;2.8951;1.55603;0.20449;Cinza;98;
150;MT;73134;B;17;0;;2.05536;1.33212;0.17538;Cinza;98;
151;MT;71872;A;9;0;;3.17802;2.1407;0.24299;Cinza;98;
152;MT;73301;E;23;0;;2.33279;2.14452;0.10775;Cinza;98;
153;MT;73313;D;14;0;;1.82066;2.38859;0.20188;Cinza;98;
154;MT;70008;C;4;0;;1.57654;1.55529;0.22463;Cinza;98;
155;MT;71083;D;30;0;;0.3656;2.53865;0.00641;Cinza;98;
156;MT;71426;C;3;0;;2.08443;2.00592;0.15688;Cinza;98;
157;MT;58653;D;12;0;;2.18535;2.86431;0.17445;Cinza;98;
158;MT;73417;A;14;0;;2.69234;2.17498;0.17953;Cinza;98;
159;MT;71662;E;7;0;;1.66404;1.62614;0.10811;Cinza;98;
160;MT;73405;C;8;0;;2.21981;1.89611;0.20056;Cinza;98;
161;MT;70491;B;22;1;Não permitiu a convergência do algoritmo de estimação da TRI;;;;Cinza;98;
162;MT;72824;D;16;0;;1.34722;1.58573;0.27113;Cinza;98;
163;MT;73408;B;9;0;;1.32835;2.52572;0.20615;Cinza;98;
164;MT;72725;D;21;0;;2.47031;3.61504;0.17847;Cinza;98;
165;MT;71233;E;19;1;Não permitiu a convergência do algoritmo de estimação da TRI;;;;Cinza;98;
166;MT;72078;C;26;0;;0.79069;1.78724;0.10619;Cinza;98;
167;MT;70710;B;8;0;;1.10586;3.29443;0.29544;Cinza;98;
168;MT;70310;B;27;0;;0.98638;3.42048;0.17872;Cinza;98;
169;MT;70124;D;13;0;;0.87645;2.88132;0.17451;Cinza;98;
170;MT;70325;B;5;0;;1.81075;2.55485;0.21022;Cinza;98;
171;MT;71154;B;29;0;;1.63996;1.23246;0.17193;Cinza;98;
172;MT;58659;C;5;0;;1.81823;2.84072;0.1874;Cinza;98;
173;MT;73123;B;4;0;;4.08151;3.22047;0.27925;Cinza;98;
174;MT;70041;D;28;0;;2.72784;1.40573;0.12487;Cinza;98;
175;MT;58699;E;27;0;;1.66283;2.97375;0.12156;Cinza;98;
176;MT;73400;D;2;0;;1.92705;1.28871;0.18926;Cinza;98;
177;MT;70845;E;18;0;;2.48463;0.94525;0.18166;Cinza;98;
178;MT;72775;B;16;0;;1.82152;0.58872;0.21;Cinza;98;
179;MT;70765;D;8;0;;3.86617;1.45961;0.11213;Cinza;98;
180;MT;59475;E;24;1;Não permitiu a convergência do algoritmo de estimação da TRI;;;;Cinza;98;
136;MT;70114;C;1;0;;1.66379;-0.7156;0.05682;Azul;99;
137;MT;70700;E;11;0;;1.96748;1.29609;0.10989;Azul;99;
138;MT;72709;E;7;0;;1.69546;0.44683;0.11078;Azul;99;
139;MT;70379;B;12;0;;3.66732;1.20902;0.16896;Azul;99;
140;MT;71544;B;26;0;;1.44638;0.69535;0.12392;Azul;99;
141;MT;73379;D;25;0;;2.38279;0.26521;0.117;Azul;99;
142;MT;70373;A;15;0;;2.60718;0.07302;0.20237;Azul;99;
143;MT;72470;C;25;0;;1.50538;2.16024;0.23774;Azul;99;
144;MT;73385;C;15;0;;2.70301;1.35998;0.30383;Azul;99;
145;MT;72145;A;24;0;;2.08521;0.39544;0.16581;Azul;99;
146;MT;72301;B;10;0;;3.10858;0.63493;0.20898;Azul;99;
147;MT;71083;D;30;0;;0.3656;2.53865;0.00641;Azul;99;
148;MT;58800;E;20;0;;1.78917;0.82689;0.14307;Azul;99;
149;MT;71434;B;19;0;;2.8951;1.55603;0.20449;Azul;99;
150;MT;73134;B;17;0;;2.05536;1.33212;0.17538;Azul;99;
151;MT;71872;A;9;0;;3.17802;2.1407;0.24299;Azul;99;
152;MT;70491;B;22;1;Não permitiu a convergência do algoritmo de estimação da TRI;;;;Azul;99;
153;MT;73313;D;14;0;;1.82066;2.38859;0.20188;Azul;99;
154;MT;70008;C;4;0;;1.57654;1.55529;0.22463;Azul;99;
155;MT;71426;C;3;0;;2.08443;2.00592;0.15688;Azul;99;
156;MT;72759;A;6;0;;1.37237;2.24774;0.21559;Azul;99;
157;MT;58653;D;12;0;;2.18535;2.86431;0.17445;Azul;99;
158;MT;73417;A;14;0;;2.69234;2.17498;0.17953;Azul;99;
159;MT;73301;E;23;0;;2.33279;2.14452;0.10775;Azul;99;
160;MT;73405;C;8;0;;2.21981;1.89611;0.20056;Azul;99;
161;MT;71662;E;7;0;;1.66404;1.62614;0.10811;Azul;99;
162;MT;72824;D;16;0;;1.34722;1.58573;0.27113;Azul;99;
163;MT;71233;E;19;1;Não permitiu a convergência do algoritmo de estimação da TRI;;;;Azul;99;
164;MT;73408;B;9;0;;1.32835;2.52572;0.20615;Azul;99;
165;MT;72725;D;21;0;;2.47031;3.61504;0.17847;Azul;99;
166;MT;72078;C;26;0;;0.79069;1.78724;0.10619;Azul;99;
167;MT;70310;B;27;0;;0.98638;3.42048;0.17872;Azul;99;
168;MT;70710;B;8;0;;1.10586;3.29443;0.29544;Azul;99;
169;MT;70124;D;13;0;;0.87645;2.88132;0.17451;Azul;99;
170;MT;71154;B;29;0;;1.63996;1.23246;0.17193;Azul;99;
171;MT;70325;B;5;0;;1.81075;2.55485;0.21022;Azul;99;
172;MT;58659;C;5;0;;1.81823;2.84072;0.1874;Azul;99;
173;MT;73123;B;4;0;;4.08151;3.22047;0.27925;Azul;99;
174;MT;70041;D;28;0;;2.72784;1.40573;0.12487;Azul;99;
175;MT;58699;E;27;0;;1.66283;2.97375;0.12156;Azul;99;
176;MT;72775;B;16;0;;1.82152;0.58872;0.21;Azul;99;
177;MT;70845;E;18;0;;2.48463;0.94525;0.18166;Azul;99;
178;MT;70765;D;8;0;;3.86617;1.45961;0.11213;Azul;99;
179;MT;73400;D;2;0;;1.92705;1.28871;0.18926;Azul;99;
180;MT;59475;E;24;1;Não permitiu a convergência do algoritmo de estimação da TRI;;;;Azul;99;
136;MT;70114;C;1;0;;1.66379;-0.7156;0.05682;Rosa;100;
137;MT;70700;E;11;0;;1.96748;1.29609;0.10989;Rosa;100;
138;MT;72709;E;7;0;;1.69546;0.44683;0.11078;Rosa;100;
139;MT;70379;B;12;0;;3.66732;1.20902;0.16896;Rosa;100;
140;MT;72145;A;24;0;;2.08521;0.39544;0.16581;Rosa;100;
141;MT;73379;D;25;0;;2.38279;0.26521;0.117;Rosa;100;
142;MT;70373;A;15;0;;2.60718;0.07302;0.20237;Rosa;100;
143;MT;71544;B;26;0;;1.44638;0.69535;0.12392;Rosa;100;
144;MT;73385;C;15;0;;2.70301;1.35998;0.30383;Rosa;100;
145;MT;72470;C;25;0;;1.50538;2.16024;0.23774;Rosa;100;
146;MT;72301;B;10;0;;3.10858;0.63493;0.20898;Rosa;100;
147;MT;71083;D;30;0;;0.3656;2.53865;0.00641;Rosa;100;
148;MT;58800;E;20;0;;1.78917;0.82689;0.14307;Rosa;100;
149;MT;71434;B;19;0;;2.8951;1.55603;0.20449;Rosa;100;
150;MT;73134;B;17;0;;2.05536;1.33212;0.17538;Rosa;100;
151;MT;71872;A;9;0;;3.17802;2.1407;0.24299;Rosa;100;
152;MT;70491;B;22;1;Não permitiu a convergência do algoritmo de estimação da TRI;;;;Rosa;100;
153;MT;72824;D;16;0;;1.34722;1.58573;0.27113;Rosa;100;
154;MT;70008;C;4;0;;1.57654;1.55529;0.22463;Rosa;100;
155;MT;71426;C;3;0;;2.08443;2.00592;0.15688;Rosa;100;
156;MT;72759;A;6;0;;1.37237;2.24774;0.21559;Rosa;100;
157;MT;58653;D;12;0;;2.18535;2.86431;0.17445;Rosa;100;
158;MT;73417;A;14;0;;2.69234;2.17498;0.17953;Rosa;100;
159;MT;73301;E;23;0;;2.33279;2.14452;0.10775;Rosa;100;
160;MT;73405;C;8;0;;2.21981;1.89611;0.20056;Rosa;100;
161;MT;71662;E;7;0;;1.66404;1.62614;0.10811;Rosa;100;
162;MT;73313;D;14;0;;1.82066;2.38859;0.20188;Rosa;100;
163;MT;72725;D;21;0;;2.47031;3.61504;0.17847;Rosa;100;
164;MT;71233;E;19;1;Não permitiu a convergência do algoritmo de estimação da TRI;;;;Rosa;100;
165;MT;73408;B;9;0;;1.32835;2.52572;0.20615;Rosa;100;
166;MT;72078;C;26;0;;0.79069;1.78724;0.10619;Rosa;100;
167;MT;70710;B;8;0;;1.10586;3.29443;0.29544;Rosa;100;
168;MT;70310;B;27;0;;0.98638;3.42048;0.17872;Rosa;100;
169;MT;70124;D;13;0;;0.87645;2.88132;0.17451;Rosa;100;
170;MT;71154;B;29;0;;1.63996;1.23246;0.17193;Rosa;100;
171;MT;70325;B;5;0;;1.81075;2.55485;0.21022;Rosa;100;
172;MT;58659;C;5;0;;1.81823;2.84072;0.1874;Rosa;100;
173;MT;70041;D;28;0;;2.72784;1.40573;0.12487;Rosa;100;
174;MT;73123;B;4;0;;4.08151;3.22047;0.27925;Rosa;100;
175;MT;58699;E;27;0;;1.66283;2.97375;0.12156;Rosa;100;
176;MT;72775;B;16;0;;1.82152;0.58872;0.21;Rosa;100;
177;MT;70845;E;18;0;;2.48463;0.94525;0.18166;Rosa;100;
178;MT;70765;D;8;0;;3.86617;1.45961;0.11213;Rosa;100;
179;MT;73400;D;2;0;;1.92705;1.28871;0.18926;Rosa;100;
180;MT;59475;E;24;1;Não permitiu a convergência do algoritmo de estimação da TRI;;;;Rosa;100;
136;MT;72258;B;;0;;4.42208;1.11489;0.24726;Amarelo;113;
137;MT;72293;C;;1;Não permitiu a convergência do algoritmo de estimação da TRI;;;;Amarelo;113;
138;MT;70780;C;;0;;0.92507;-0.47855;0.10219;Amarelo;113;
139;MT;71061;E;;0;;3.28684;0.09045;0.12064;Amarelo;113;
140;MT;72294;E;;0;;1.35482;0.15181;0.05339;Amarelo;113;
141;MT;70282;D;;0;;2.07647;-0.09327;0.09333;Amarelo;113;
142;MT;59437;B;;0;;1.87683;0.82776;0.18833;Amarelo;113;
143;MT;70303;D;;1;Não permitiu a convergência do algoritmo de estimação da TRI;;;;Amarelo;113;
144;MT;72161;D;;0;;2.57498;0.744;0.20921;Amarelo;113;
145;MT;72106;A;;0;;3.23288;0.13832;0.15774;Amarelo;113;
146;MT;72107;A;;1;Não permitiu a convergência do algoritmo de estimação da TRI;;;;Amarelo;113;
147;MT;70204;D;;0;;4.09541;0.71438;0.16752;Amarelo;113;
148;MT;70299;E;;0;;3.77611;0.29775;0.11512;Amarelo;113;
149;MT;72313;C;;0;;1.80989;0.3794;0.17157;Amarelo;113;
150;MT;72838;C;;0;;1.23741;1.70149;0.22482;Amarelo;113;
151;MT;71570;C;;0;;2.66087;1.9494;0.20879;Amarelo;113;
152;MT;71093;D;;0;;1.52304;3.57509;0.17389;Amarelo;113;
153;MT;70536;E;;0;;1.60562;1.72449;0.15542;Amarelo;113;
154;MT;72565;A;;0;;4.95501;1.42814;0.19278;Amarelo;113;
155;MT;72617;A;;0;;3.74228;0.4295;0.15384;Amarelo;113;
156;MT;70751;B;;0;;8.33058;1.27974;0.20749;Amarelo;113;
157;MT;57733;D;;0;;1.86204;3.30694;0.15795;Amarelo;113;
158;MT;70704;A;;0;;4.50873;1.41282;0.17982;Amarelo;113;
159;MT;70952;D;;0;;2.57177;1.06744;0.2216;Amarelo;113;
160;MT;70218;C;;0;;2.57783;0.76873;0.20813;Amarelo;113;
161;MT;71453;C;;0;;2.34678;0.66506;0.24574;Amarelo;113;
162;MT;72109;B;;0;;0.67748;1.05552;0.10258;Amarelo;113;
163;MT;70043;D;;0;;1.82276;1.66982;0.16316;Amarelo;113;
164;MT;72116;C;;1;Não permitiu a convergência do algoritmo de estimação da TRI;;;;Amarelo;113;
165;MT;72517;D;;1;Não permitiu a convergência do algoritmo de estimação da TRI;;;;Amarelo;113;
166;MT;58802;A;;0;;1.89847;3.53856;0.17933;Amarelo;113;
167;MT;71600;C;;0;;5.88771;1.50735;0.24501;Amarelo;113;
168;MT;71404;B;;0;;1.74429;2.39833;0.18656;Amarelo;113;
169;MT;58341;C;;0;;1.48018;2.8491;0.19864;Amarelo;113;
170;MT;71392;B;;1;Não permitiu a convergência do algoritmo de estimação da TRI;;;;Amarelo;113;
171;MT;72867;C;;0;;1.07966;1.89693;0.18356;Amarelo;113;
172;MT;70173;D;;0;;2.62193;2.41032;0.15886;Amarelo;113;
173;MT;72905;B;;0;;5.51388;1.2326;0.2098;Amarelo;113;
174;MT;70888;D;;0;;6.46006;1.49799;0.18185;Amarelo;113;
175;MT;58624;D;;0;;1.37778;2.28746;0.14604;Amarelo;113;
176;MT;72427;A;;0;;1.89486;1.63495;0.16561;Amarelo;113;
177;MT;70076;C;;1;Não permitiu a convergência do algoritmo de estimação da TRI;;;;Amarelo;113;
178;MT;70339;C;;0;;1.78146;1.31281;0.11434;Amarelo;113;
179;MT;72070;C;;0;;2.72836;0.41046;0.19032;Amarelo;113;
180;MT;70298;B;;0;;1.60085;1.82947;0.21045;Amarelo;113;
136;MT;72293;C;;1;Não permitiu a convergência do algoritmo de estimação da TRI;;;;Cinza;114;
137;MT;72258;B;;0;;4.42208;1.11489;0.24726;Cinza;114;
138;MT;72294;E;;0;;1.35482;0.15181;0.05339;Cinza;114;
139;MT;71061;E;;0;;3.28684;0.09045;0.12064;Cinza;114;
140;MT;70780;C;;0;;0.92507;-0.47855;0.10219;Cinza;114;
141;MT;70303;D;;1;Não permitiu a convergência do algoritmo de estimação da TRI;;;;Cinza;114;
142;MT;59437;B;;0;;1.87683;0.82776;0.18833;Cinza;114;
143;MT;70282;D;;0;;2.07647;-0.09327;0.09333;Cinza;114;
144;MT;72106;A;;0;;3.23288;0.13832;0.15774;Cinza;114;
145;MT;72161;D;;0;;2.57498;0.744;0.20921;Cinza;114;
146;MT;70204;D;;0;;4.09541;0.71438;0.16752;Cinza;114;
147;MT;72107;A;;1;Não permitiu a convergência do algoritmo de estimação da TRI;;;;Cinza;114;
148;MT;70299;E;;0;;3.77611;0.29775;0.11512;Cinza;114;
149;MT;72838;C;;0;;1.23741;1.70149;0.22482;Cinza;114;
150;MT;72313;C;;0;;1.80989;0.3794;0.17157;Cinza;114;
151;MT;71570;C;;0;;2.66087;1.9494;0.20879;Cinza;114;
152;MT;70751;B;;0;;8.33058;1.27974;0.20749;Cinza;114;
153;MT;71093;D;;0;;1.52304;3.57509;0.17389;Cinza;114;
154;MT;72565;A;;0;;4.95501;1.42814;0.19278;Cinza;114;
155;MT;70536;E;;0;;1.60562;1.72449;0.15542;Cinza;114;
156;MT;72617;A;;0;;3.74228;0.4295;0.15384;Cinza;114;
157;MT;57733;D;;0;;1.86204;3.30694;0.15795;Cinza;114;
158;MT;70952;D;;0;;2.57177;1.06744;0.2216;Cinza;114;
159;MT;70704;A;;0;;4.50873;1.41282;0.17982;Cinza;114;
160;MT;70218;C;;0;;2.57783;0.76873;0.20813;Cinza;114;
161;MT;72109;B;;0;;0.67748;1.05552;0.10258;Cinza;114;
162;MT;71453;C;;0;;2.34678;0.66506;0.24574;Cinza;114;
163;MT;71600;C;;0;;5.88771;1.50735;0.24501;Cinza;114;
164;MT;70043;D;;0;;1.82276;1.66982;0.16316;Cinza;114;
165;MT;72116;C;;1;Não permitiu a convergência do algoritmo de estimação da TRI;;;;Cinza;114;
166;MT;58802;A;;0;;1.89847;3.53856;0.17933;Cinza;114;
167;MT;72517;D;;1;Não permitiu a convergência do algoritmo de estimação da TRI;;;;Cinza;114;
168;MT;71392;B;;1;Não permitiu a convergência do algoritmo de estimação da TRI;;;;Cinza;114;
169;MT;58341;C;;0;;1.48018;2.8491;0.19864;Cinza;114;
170;MT;71404;B;;0;;1.74429;2.39833;0.18656;Cinza;114;
171;MT;72905;B;;0;;5.51388;1.2326;0.2098;Cinza;114;
172;MT;70173;D;;0;;2.62193;2.41032;0.15886;Cinza;114;
173;MT;72867;C;;0;;1.07966;1.89693;0.18356;Cinza;114;
174;MT;72427;A;;0;;1.89486;1.63495;0.16561;Cinza;114;
175;MT;58624;D;;0;;1.37778;2.28746;0.14604;Cinza;114;
176;MT;70888;D;;0;;6.46006;1.49799;0.18185;Cinza;114;
177;MT;72070;C;;0;;2.72836;0.41046;0.19032;Cinza;114;
178;MT;70339;C;;0;;1.78146;1.31281;0.11434;Cinza;114;
179;MT;70076;C;;1;Não permitiu a convergência do algoritmo de estimação da TRI;;;;Cinza;114;
180;MT;70298;B;;0;;1.60085;1.82947;0.21045;Cinza;114;
136;MT;70780;C;;0;;0.92507;-0.47855;0.10219;Azul;115;
137;MT;72294;E;;0;;1.35482;0.15181;0.05339;Azul;115;
138;MT;72258;B;;0;;4.42208;1.11489;0.24726;Azul;115;
139;MT;71061;E;;0;;3.28684;0.09045;0.12064;Azul;115;
140;MT;72293;C;;1;Não permitiu a convergência do algoritmo de estimação da TRI;;;;Azul;115;
141;MT;72161;D;;0;;2.57498;0.744;0.20921;Azul;115;
142;MT;59437;B;;0;;1.87683;0.82776;0.18833;Azul;115;
143;MT;72106;A;;0;;3.23288;0.13832;0.15774;Azul;115;
144;MT;70282;D;;0;;2.07647;-0.09327;0.09333;Azul;115;
145;MT;70303;D;;1;Não permitiu a convergência do algoritmo de estimação da TRI;;;;Azul;115;
146;MT;72313;C;;0;;1.80989;0.3794;0.17157;Azul;115;
147;MT;72838;C;;0;;1.23741;1.70149;0.22482;Azul;115;
148;MT;70299;E;;0;;3.77611;0.29775;0.11512;Azul;115;
149;MT;72107;A;;1;Não permitiu a convergência do algoritmo de estimação da TRI;;;;Azul;115;
150;MT;70204;D;;0;;4.09541;0.71438;0.16752;Azul;115;
151;MT;71570;C;;0;;2.66087;1.9494;0.20879;Azul;115;
152;MT;72617;A;;0;;3.74228;0.4295;0.15384;Azul;115;
153;MT;70751;B;;0;;8.33058;1.27974;0.20749;Azul;115;
154;MT;72565;A;;0;;4.95501;1.42814;0.19278;Azul;115;
155;MT;71093;D;;0;;1.52304;3.57509;0.17389;Azul;115;
156;MT;70536;E;;0;;1.60562;1.72449;0.15542;Azul;115;
157;MT;57733;D;;0;;1.86204;3.30694;0.15795;Azul;115;
158;MT;71453;C;;0;;2.34678;0.66506;0.24574;Azul;115;
159;MT;72109;B;;0;;0.67748;1.05552;0.10258;Azul;115;
160;MT;70218;C;;0;;2.57783;0.76873;0.20813;Azul;115;
161;MT;70704;A;;0;;4.50873;1.41282;0.17982;Azul;115;
162;MT;70952;D;;0;;2.57177;1.06744;0.2216;Azul;115;
163;MT;72116;C;;1;Não permitiu a convergência do algoritmo de estimação da TRI;;;;Azul;115;
164;MT;72517;D;;1;Não permitiu a convergência do algoritmo de estimação da TRI;;;;Azul;115;
165;MT;70043;D;;0;;1.82276;1.66982;0.16316;Azul;115;
166;MT;58802;A;;0;;1.89847;3.53856;0.17933;Azul;115;
167;MT;71600;C;;0;;5.88771;1.50735;0.24501;Azul;115;
168;MT;72905;B;;0;;5.51388;1.2326;0.2098;Azul;115;
169;MT;58341;C;;0;;1.48018;2.8491;0.19864;Azul;115;
170;MT;72867;C;;0;;1.07966;1.89693;0.18356;Azul;115;
171;MT;71404;B;;0;;1.74429;2.39833;0.18656;Azul;115;
172;MT;70173;D;;0;;2.62193;2.41032;0.15886;Azul;115;
173;MT;71392;B;;1;Não permitiu a convergência do algoritmo de estimação da TRI;;;;Azul;115;
174;MT;72070;C;;0;;2.72836;0.41046;0.19032;Azul;115;
175;MT;58624;D;;0;;1.37778;2.28746;0.14604;Azul;115;
176;MT;70298;B;;0;;1.60085;1.82947;0.21045;Azul;115;
177;MT;70888;D;;0;;6.46006;1.49799;0.18185;Azul;115;
178;MT;70339;C;;0;;1.78146;1.31281;0.11434;Azul;115;
179;MT;72427;A;;0;;1.89486;1.63495;0.16561;Azul;115;
180;MT;70076;C;;1;Não permitiu a convergência do algoritmo de estimação da TRI;;;;Azul;115;
136;MT;72294;E;;0;;1.35482;0.15181;0.05339;Rosa;116;
137;MT;70780;C;;0;;0.92507;-0.47855;0.10219;Rosa;116;
138;MT;72293;C;;1;Não permitiu a convergência do algoritmo de estimação da TRI;;;;Rosa;116;
139;MT;71061;E;;0;;3.28684;0.09045;0.12064;Rosa;116;
140;MT;72258;B;;0;;4.42208;1.11489;0.24726;Rosa;116;
141;MT;72106;A;;0;;3.23288;0.13832;0.15774;Rosa;116;
142;MT;59437;B;;0;;1.87683;0.82776;0.18833;Rosa;116;
143;MT;72161;D;;0;;2.57498;0.744;0.20921;Rosa;116;
144;MT;70303;D;;1;Não permitiu a convergência do algoritmo de estimação da TRI;;;;Rosa;116;
145;MT;70282;D;;0;;2.07647;-0.09327;0.09333;Rosa;116;
146;MT;72838;C;;0;;1.23741;1.70149;0.22482;Rosa;116;
147;MT;72313;C;;0;;1.80989;0.3794;0.17157;Rosa;116;
148;MT;70299;E;;0;;3.77611;0.29775;0.11512;Rosa;116;
149;MT;70204;D;;0;;4.09541;0.71438;0.16752;Rosa;116;
150;MT;72107;A;;1;Não permitiu a convergência do algoritmo de estimação da TRI;;;;Rosa;116;
151;MT;71570;C;;0;;2.66087;1.9494;0.20879;Rosa;116;
152;MT;70536;E;;0;;1.60562;1.72449;0.15542;Rosa;116;
153;MT;72617;A;;0;;3.74228;0.4295;0.15384;Rosa;116;
154;MT;72565;A;;0;;4.95501;1.42814;0.19278;Rosa;116;
155;MT;70751;B;;0;;8.33058;1.27974;0.20749;Rosa;116;
156;MT;71093;D;;0;;1.52304;3.57509;0.17389;Rosa;116;
157;MT;57733;D;;0;;1.86204;3.30694;0.15795;Rosa;116;
158;MT;72109;B;;0;;0.67748;1.05552;0.10258;Rosa;116;
159;MT;71453;C;;0;;2.34678;0.66506;0.24574;Rosa;116;
160;MT;70218;C;;0;;2.57783;0.76873;0.20813;Rosa;116;
161;MT;70952;D;;0;;2.57177;1.06744;0.2216;Rosa;116;
162;MT;70704;A;;0;;4.50873;1.41282;0.17982;Rosa;116;
163;MT;72517;D;;1;Não permitiu a convergência do algoritmo de estimação da TRI;;;;Rosa;116;
164;MT;72116;C;;1;Não permitiu a convergência do algoritmo de estimação da TRI;;;;Rosa;116;
165;MT;71600;C;;0;;5.88771;1.50735;0.24501;Rosa;116;
166;MT;58802;A;;0;;1.89847;3.53856;0.17933;Rosa;116;
167;MT;70043;D;;0;;1.82276;1.66982;0.16316;Rosa;116;
168;MT;72867;C;;0;;1.07966;1.89693;0.18356;Rosa;116;
169;MT;58341;C;;0;;1.48018;2.8491;0.19864;Rosa;116;
170;MT;71404;B;;0;;1.74429;2.39833;0.18656;Rosa;116;
171;MT;71392;B;;1;Não permitiu a convergência do algoritmo de estimação da TRI;;;;Rosa;116;
172;MT;70173;D;;0;;2.62193;2.41032;0.15886;Rosa;116;
173;MT;72905;B;;0;;5.51388;1.2326;0.2098;Rosa;116;
174;MT;70076;C;;1;Não permitiu a convergência do algoritmo de estimação da TRI;;;;Rosa;116;
175;MT;58624;D;;0;;1.37778;2.28746;0.14604;Rosa;116;
176;MT;72070;C;;0;;2.72836;0.41046;0.19032;Rosa;116;
177;MT;72427;A;;0;;1.89486;1.63495;0.16561;Rosa;116;
178;MT;70339;C;;0;;1.78146;1.31281;0.11434;Rosa;116;
179;MT;70888;D;;0;;6.46006;1.49799;0.18185;Rosa;116;
180;MT;70298;B;;0;;1.60085;1.82947;0.21045;Rosa;116;
